_1,_2
#EMABiggestFansJustinBieber,4139
#EMABiggestFans1D,2758
#PreOrderVampsUSA,378
#KCAArgentina,336
#BuyNobodyOniTunes,280
#LaliEsposito,209
#TwOff,194
#trndnl,132
#OrianaSabatini,114
#tonns,110
#EMABiggestFansJustinBieberᅠ,106
#ValioLaPena,87
#EМABiggestFansJustinBieber,87
#FavEsdvDioDusGnomos,84
#PastillasEnEstereo,83
#askmahomie,81
#MadrugadaDoSdvComTiuMarkito,80
#QueroDilmaTreze,79
#JaPensei,76
#EMABiggestFansJustinBeber,73
#EmTodoBrasilAecio45,68
#CamisetaTeoCARPoficial,63
#MTVHomecoming,55
#PreOrderVampsUsa,46
#AMAs,41
#ReMentisteCuando,40
#EMABigesstFans1D,38
#MTVhomecoming,37
#EsMuyDeMaricon,37
#EMABiggestFansHarryPotter,35
#ElCampeonSera,34
#askmagcult,34
#EMABestPopMileyCyrus,34
#YSEA,31
#love,29
#BuenasNoches,29
#QueroNoTVZ,28
#ask5sosfam,26
#MiCancionPerfectaEs,26
#selfie,25
#AskID,24
#HappyHoliRecife,24
#np,23
#SamsungNightRunCCS,23
#Fato,22
#twoff,21
#Top3Apps,21
#DiaMundialCancerMama,21
#nikita,20
#Dormir,20
#askharmonizer,19
#Segue,19
#JáPensei,19
#boanoite,19
#friends,19
#SimplesAssim,19
#diguinhooutubrorosa,19
#Compartilhe,19
#Viva,19
#Curte,19
#Ria,19
#VemComigo,19
#demiyourstorydoesntdefineyou,19
#EmaBiggestFansJustinBieber,18
#NuncaFaltaElHueonQue,18
#AecioEmTodoBrasil,18
#askdirectioner,18
#EMABiggestFansXuxa,18
#SãoPaulo,17
#Los80,17
#ComeToBrazilMattEspinosa,17
#LoveMeHarderLyricVideo,17
#TocateParaQueNoTeToque,17
#JustinBieberInFortaleza,16
#BoaNoite,16
#Yoveolatelepolemica,16
#ValióLaPena,15
#NoAltoMaipo,15
#NocheDeConfesiones,15
#Selfie,15
#SMG,15
#Magallanes,14
#Off,14
#CircuitoBB,14
#HolaAnnabelle,13
#happyholirecife,13
#OctubreDeTerror,13
#NeymarNaoDesisteDeNosTeAmamos,13
#EMABieggestFans1D,13
#Rosario,12
#HappyHoli,12
#Venezuela,12
#bodybuilding,12
#Zoe,12
#happy,12
#Tolerancia0,11
#EMABiggesFansJustinBieber,11
#Rio,11
#CiteMusicasQueSempreEscuta,11
#dormir,11
#Lute,11
#muscle,11
#samsungnightrun5k,11
#gym,11
#confissoesdamadrugada,11
#Tonns,10
#fitness,10
#RAW,10
#vscocam,10
#hardcoreladies,10
#TotalDivas,10
#amigos,10
#partiu,10
#labellamafia,10
#Aecio45,10
#wellness,10
#Gigant3s,10
#feliz,10
#Nikita,10
#domingo,10
#Cardenales,10
#Caracas,10
#paniconaband,9
#linkinpark,9
#BeloHorizonte,9
#goodnight,9
#EMABiggestFansMileycyrus,9
#MARSinrio,9
#QQSM,9
#Sleep,9
#TwOfff,9
#wxyv,8
#CasamentoAlessandraeFabio,8
#Dilma13,8
#NoEntiendo,8
#ForaPT,8
#NocheDeLeDoyA,8
#CampZión,8
#LucasLuccoCampeao,8
#me,8
#NovemberIsSelenasMonth,8
#Santiago,8
#MARSinBrazil,8
#EMMABigestFans1D,8
#RT,8
#Zoa,8
#VoyporVivian,8
#Japensei,8
#GraciaEnHD,8
#ThisIsWar,7
#amor,7
#11MêsLaraParabens,7
#riodejaneiro,7
#LPDA,7
#EMAbiggestfans1D,7
#LoveLustFaithAndDreams,7
#music,7
#NoAlMaltratoAnimal,7
#askolly,7
#SPHarleyDays,7
#PartyNight,7
#twoffffffffffffffffffffffff,7
#Córdoba,7
#OFF,7
#SIGUEMEYTESIGO,7
#Feliz,7
#off,7
#Manning509NoEi,7
#Domingo,7
#OnceUponATime,7
#Repost,7
#ESPNtemNFL,7
#TuCaraMeSuena,7
#TeAmo,7
#samsungnightrunccs,7
#30STM,6
#1,6
#CasadoConHijos,6
#LasPastillasDelAbuelo,6
#FalaOiNeymar,6
#ficaadica,6
#ADormir,6
#Manning509NoEI,6
#EnEstereo,6
#CaracasFC,6
#Vote5HEMA,6
#CFC,6
#friend,6
#Futbol,6
#smile,6
#Love,6
#LunesDeGanarSeguidores,6
#ForaDilma,6
#photo,6
#AbelPintos,6
#DomingoFamiliar,6
#SegundaDoSDVComPatolindo,6
#HoróscopoUPCino,6
#valiolapena,6
#QueremosposteresdoLukasMarques,6
#instapanico,6
#BiancoMusica,6
#DebateNaRecord,6
#AAM,6
#FelizNoche,6
#AecioPelaMudanca,6
#NowPlaying,6
#toons,6
#VemSdvComTiuMarkitoePiaDosTweets,6
#45,6
#Mendoza,6
#QueHaypaHoy,5
#Anhembi,5
#NFL,5
#familia,5
#noveladospoliticos,5
#Touro,5
#RockNBeats,5
#night,5
#ChatApimentadoDoBiel,5
#AgentsofSHIELD,5
#AquíEstoy,5
#WanessaDeFrenteComGabi,5
#EstadioOlimpico,5
#instalove,5
#novelaeleiçao,5
#jameslandia,5
#excelente,5
#TWD,5
#Twoff,5
#samsungnightrun2014,5
#AFazenda,5
#ELCAMPEONSERA,5
#EMABieggestFansJustinBieber,5
#LinkinPark,5
#Noaltomaipo,5
#EMMABiggestFans1D,5
#FutVe,5
#TorneoApertura,5
#VemRecordeNoEI,5
#GoodNight,5
#Cmj,5
#SoundCloud,5
#Anabelle,5
#sunday,5
#CorroConSamsung,5
#TheWalkingDead,5
#River,5
#TwOffffff,5
#RetweetFollowSpree,5
#TopPop,5
#sleep,5
#Margarita,5
#instagram,5
#gigant3s,5
#Deus,5
#PhotoGrid,5
#rj,4
#30secondstomars,4
#ShawnPerformWithTreyvon,4
#PopLirico,4
#Chile,4
#2,4
#confissãodamadrugada,4
#machupicchu,4
#Music,4
#fui,4
#lpda,4
#Holic,4
#weAreBianco,4
#calor,4
#90neles,4
#insonia,4
#Recife,4
#adormir,4
#HastaMañana,4
#RosarioCentral,4
#Brasil,4
#VemParaOBrasil,4
#TwitterOff,4
#LoveLustFaithDreamsTour,4
#TeamPétéTèt,4
#HoróscopoRock,4
#panico,4
#concierto,4
#fds,4
#HolaAnabelle,4
#SPFC,4
#Revenge,4
#FazendinhaMaldita,4
#BH,4
#amazing,4
#LEORODRIGUEZ,4
#saudades,4
#fatmagul,4
#dog,4
#LosDomingosSonPara,4
#LRT,4
#cartolafc,4
#NP,4
#MixFmBrasil,4
#NdaNight,4
#UnViernesDeLocos,4
#AecioNever,4
#Dormirr,4
#CopaShow,4
#gigantes,4
#A,4
#GoodVibes,4
#PerfectoEsTuAmor,4
#debatenarecord,4
#Boca,4
#LT,4
#running,4
#elcampeonsera,4
#beach,4
#deontem,4
#life,4
#Boanoite,4
#foto,4
#Gracias,4
#BomDia,4
#PasoaPaso,4
#Twitter,4
#T0,4
#TheColorRunBucaramanga,4
#staystrongdemi,3
#futbolpermitido,3
#parei,3
#ibirapuera,3
#tmj,3
#CancerDeMama,3
#BelieveInDemi,3
#CircuitoBancoDoBrasil,3
#ñandejarasapatutaco,3
#HalaMadrid,3
#Leão,3
#madrugada,3
#mamitos,3
#Pulxo,3
#amem,3
#Skank,3
#praia,3
#BodasDePrata,3
#LaQuintaBar,3
#EMABiggestFansJustinbieber,3
#Np,3
#Ricardo,3
#30stm,3
#cute,3
#blue,3
#marcanthony,3
#BoaMadrugada,3
#LasPastillasEnEstereo,3
#DebateDaRecord,3
#TwPause,3
#humor,3
#Dog,3
#tbt,3
#30SecondsToMars,3
#Antofagasta,3
#TeamAero,3
#insomnio,3
#birthday,3
#like,3
#racks,3
#PitucaSinLucas,3
#Insônia,3
#MtFeliz,3
#Pablo,3
#teatro,3
#postres,3
#viaje,3
#brasil,3
#RePailaParce,3
#NOALTOMAIPO,3
#Annabelle,3
#rain,3
#carlosvives,3
#ACAI,3
#TWOFF,3
#Dormiir,3
#PMMB2014,3
#LAR,3
#CaletaDelSol,3
#belem,3
#Dormirrrrrrrr,3
#Dilma13PraVencer,3
#MaduroPromueveLaPaz,3
#madrinhacoruja,3
#DH,3
#Olave,3
#live,3
#Partiu,3
#instamoment,3
#PartyNigth,3
#brother,3
#cool,3
#inlove,3
#DesinhiLunes,3
#15,3
#GraciasCentral,3
#NoValioLaPena,3
#ElHatillo,3
#family,3
#TwOffff,3
#twofff,3
#TagsForLikes,3
#ObrigadaSenhor,3
#BabyDontLie,3
#Piscis,3
#AmorESexo,3
#PROJETAÇO,3
#MenosOdioMaisDilma,3
#Family,3
#BelievelnDemi,3
#baby,3
#DomingoDeGoles,3
#MAG,3
#LP,3
#Plop,3
#mesdelasbrujasconelcartel,3
#instadog,3
#Fui,3
#Dormirrrr,3
#AmorEterno,3
#tweetoff,3
#AersoTheVodka,3
#Gêmeos,3
#BOCA,3
#sierradallasnewvideo,3
#LundiCoquin,3
#ProjetoVerão,3
#tiacoruja,3
#Jápensei,3
#QuieroMiMaaji,3
#sp,3
#cansada,3
#BABIROSSI,3
#SkatePark,3
#NIKITA,3
#amo,3
#Oktoberfest2014,3
#Party,3
#chatiada,3
#foco,3
#Eleicoes2014,3
#instagood,3
#like4like,3
#happyholi,3
#errejota,3
#sunset,3
#manning509noei,3
#samsung,3
#cirio2014,3
#NossoSentimento,3
#Arjona,3
#TWD5enFOX,3
#coisasqueobservo,3
#beautiful,3
#el,3
#ElBicampeónSeráRiver,3
#KushSession,3
#party,3
#Euvoto45,3
#mimadre,3
#LoveLustFaithDreams,3
#BarraMusic,3
#NW,3
#EmTodoBrasilAécio45,3
#DebatenaRecord,3
#BringTheVampsToBrazil,3
#thebest,2
#Se,2
#MarcAnthony,2
#food,2
#Praia,2
#Beliebers,2
#paz,2
#Foco,2
#Pernambuco,2
#Relax,2
#DilmaTheVodka,2
#cachoeira,2
#vadia,2
#japensei,2
#SP,2
#Biología,2
#HAPPYHOLIRECIFE,2
#opera,2
#friendbase,2
#Girón,2
#sky,2
#runner,2
#Ñuñoa,2
#Argentina,2
#en,2
#harrypotteretlesreliquesdelamort,2
#aff,2
#LastRT,2
#tolerancia0,2
#jmc,2
#andersonsampaiophotography,2
#ANDERSON,2
#jaPensei,2
#DoOrDie,2
#Challenges,2
#PeytonManning,2
#Calor,2
#InstaSize,2
#SentidoDePaternidad,2
#GraciasBoca,2
#vaisegurando,2
#sobrino,2
#colors,2
#Genial,2
#paseo,2
#juanluisguerra,2
#terror,2
#noche,2
#AecioQuebrouMinas,2
#relax,2
#QUEBARBARO,2
#Goiânia,2
#As,2
#AniversárioDa102Fm,2
#Hoje,2
#HombreEnLlamas,2
#Amém,2
#MTVhomecomimg,2
#askbelieber,2
#Semsono,2
#BosteroSeguiViviendoPendienteDePAPA,2
#Ado,2
#Hilux,2
#3,2
#lilly4nextPAugirl,2
#nikerunnig,2
#gay,2
#kushsession,2
#instagay,2
#MPN,2
#Me,2
#Bastião,2
#Chau,2
#putos,2
#LOVE,2
#PânicoNaBand,2
#Pena,2
#Oktoberfest,2
#Zzz,2
#followme,2
#Karem,2
#4,2
#adoro,2
#conellos,2
#soldadadezamba,2
#olinda,2
#huaynapicchu,2
#PDC,2
#5sosfamWillSupportYouAshley,2
#Felicidad,2
#BP12,2
#açaí,2
#nature,2
#lovely,2
#GÉMINIS,2
#luto,2
#doglover,2
#Ira,2
#SituacionSentimental,2
#horariodeverao,2
#5,2
#NoTeConozcoBai,2
#EMABiggestfans1D,2
#Curiosidades,2
#madrina,2
#amelhoréminha,2
#Newells,2
#crack,2
#BuenDomingo,2
#u,2
#BragançaPaulista,2
#top,2
#Barinas,2
#TFLers,2
#CosasQueQuieroYaPeroYa,2
#genia,2
#amodemais,2
#BhpBilliton,2
#twitpalas,2
#amorquenaosemede,2
#AmoMuito,2
#follow,2
#JuanLuisGuerra,2
#se,2
#Finde,2
#jaja,2
#tagsforlikes,2
#NTVG,2
#amiga,2
#317días,2
#sol,2
#a,2
#viajes,2
#GraciasDios,2
#dialibre,2
#linda,2
#venezuela,2
#linkinparkbsb,2
#siguemeytesigo,2
#bananaparaopreconceito,2
#OFFLINE,2
#snapsave,2
#los,2
#EMABiggestFansAvrilLavigne,2
#felicidades,2
#CaramelosDeCianuro,2
#DomingoDeGanarSeguidores,2
#Teamo,2
#acabanaomundao,2
#chamaquevem,2
#xiiiiu,2
#Cancer,2
#Sono,2
#MiPequeñoDilema,2
#UDI,2
#sinyedancy,2
#música,2
#DeHoje,2
#sabroso,2
#AltoAstral,2
#DomingoTranquilo,2
#MúsicaNaMadruga,2
#chateada,2
#radioexito,2
#futboltotaldirectv,2
#black,2
#Hellas,2
#deusnocomando,2
#Maracaibo,2
#AnabelleMovie,2
#sqn,2
#CultCast,2
#baixinha,2
#SNF,2
#periodismo,2
#RelationshipGoals,2
#ColoColo,2
#pastillasEnEstereo,2
#roletadounfollow,2
#bienal2014,2
#Bye,2
#vacaciones,2
#Mom,2
#Whatsapp,2
#outubrorosa,2
#Dormirrr,2
#BLME,2
#BotinesDeTeo,2
#batería,2
#sobrina,2
#R8,2
#NalgonCorinTellado,2
#FestivalDasCores,2
#20likes,2
#021,2
#sovai,2
#Troublemaker,2
#NacionalHandball,2
#NoTePertenece,2
#Curaçao,2
#sabedenadainocente,2
#Aecio45Presidente,2
#Tauro,2
#DanceAcademy,2
#GreenLove,2
#O,2
#AgoraBrasilAecio45,2
#Safadao,2
#FelizDiaMama,2
#portotododia,2
#13,2
#araguari,2
#EnNochesMias,2
#VergeCast,2
#Nv,2
#TrueTeam,2
#BBMme,2
#ACUARIO,2
#5K,2
#Infociudad24h,2
#cosasqueanadieleimportan,2
#LVBP,2
#TwOfffff,2
#Economy,2
#run,2
#Accion4x4,2
#Não,2
#pink,2
#djtopless,2
#bday,2
#Vacaciones,2
#dicen,2
#Duermo,2
#Papo10,2
#alansobral,2
#LunesTeOdio,2
#saopaulo,2
#trauma,2
#CorrexNosotras,2
#carioca,2
#LasCondes,2
#votoAECIO45,2
#dieta,2
#increible,2
#OnceIsFrozen,2
#OffRoad,2
#zoologico,2
#Disney,2
#icecream,2
#Grupo,2
#GrandeColoColo,2
#afilhada,2
#L4STR0L4SDEVEGE,2
#zzz,2
#los80,2
#insônia,2
#PuertoRock,2
#HijosNuestrosMoriran,2
#MelhorIrmão,2
#Eleições2014,2
#piccollage,2
#circuitobb,2
#Cuba,2
#VeteranJob,2
#instachile,2
#AecioEmTodoBrasil45,2
#tw,2
#yo,2
#nails,2
#PISCIS,2
#powerrangers,2
#49ers,2
#HappyBirthday,2
#VamosRiver,2
#1aninho,2
#IndyCar,2
#Capricornio,2
#MeAburro,2
#RioDeJaneiro,2
#ZionCamp,2
#RocamShow,2
#ArenaBahiaMusic,2
#OCandidatoHonesto,2
#TwOfffffffffffff,2
#Toyota,2
#buenasemana,2
#amomt,2
#BuscandoUnaEstrella,2
#swag,2
#soacho,2
#jantar,2
#perfect,2
#Primos,2
#MineraEscondida,2
#show,2
#MudaBrasil,2
#Primo,2
#MarsOnRio,2
#ehofurdunço,2
#Jantar,2
#pizza,2
#ChipeLibre,2
#tia,2
#nv,2
#queromais,2
#batatagogoboy,2
#Tócate,2
#Irmãos,2
#Radiowor,2
#Folga,2
#trip,2
#FestadoBoi,2
#SouthPark,2
#soundcloud,2
#GalaDelBambuco,2
#EsLunesYyo,2
#eterno,2
#boca,2
#Santander,2
#AecioPelaMudança,2
#MacCast,2
#ThePurge,2
#Offf,2
#badoo,2
#EMAFansJustinBieber,2
#VyRTvault,2
#EMABigguestFans1D,2
#QueroAécio,2
#PartiuCama,2
#Manning509noei,2
#maisamor,2
#malhumor,2
#matenme,2
#LindaPeña,2
#Wanessa,2
#TrueBlood,2
#HappyholiRecife,2
#gordo,2
#space,2
#KaremJara,2
#vsco,2
#culto,2
#manumexico,2
#Chuva,2
#VZLA,2
#slutfromthe90s,2
#Basta,2
#SLBenelLuna,2
#photooftheday,2
#LasMilyUnaNoches,2
#SalyPimientaHD,2
#ObgPapai,2
#Beach,2
#conceptlatenightfollowspree,2
#SRP,2
#Halloween,2
#Aécio45,2
#Sunday,2
#curaçao,2
#PasoAPaso,2
#RustyTrack,2
#Campamento,2
#EMABiggeatFansJustinBieber,2
#beer,2
#jaredleto,2
#tamobemmmm,2
#YO,2
#TwOf,2
#VOTAR,2
#peru,2
#CantadasDeAtleticano,2
#five,2
#Tl,2
#amigas,2
#circuitoBB,2
#dad,2
#loucura,2
#Saudade,2
#yoga,2
#família,2
#StarWars,2
#choque,2
#l4l,2
#HELOISAFAISSOL,2
#enqueteexclusive,2
#BreakoutBrasil,2
#vamoquevamo,2
#Gnight,2
#AmoMuitoTudoIsso,2
#true,2
#Juss,2
#passeio,2
#weekend,2
#MARS,2
#Mamá,2
#princesadokeke,2
#mikita,2
#BRC14,2
#goodtimes,2
#BuenaSemana,2
#Gago,2
#tevebom,2
#Happy,2
#Merida,2
#partiuerotrip,2
#yogini,2
#buenasNoches,2
#gopro,2
#fusca,2
#Deusnocontrole,2
#psdb,2
#Mejor,2
#goodvibe,2
#pucv,2
#Sol,2
#HumanRights,2
#nighttwo,2
#echelon,2
#EMABIGGESTFANSJUSTINBIEBER,2
#JaredLeto,2
#tweegram,2
#vamosquevamos,2
#Dilmais13,2
#Familia,2
#vida,2
#nowplaying,2
#Esquenta,2
#SIGUEMEYTERECOMIENDO,2
#aeroportominhacasaminhavida,2
#shottie,2
#NãoVivoSem,2
#estadionacional,2
#instasize,2
#Madrugada,2
#TBR,1
#aoctubreDeTerror,1
#instaboy,1
#topgirls,1
#deubom,1
#muitotop,1
#Zurdo,1
#NuncaMuda,1
#Tw10000,1
#pity,1
#TwOfffffffffffffffff,1
#QueChechoVayaAOrlando,1
#farol,1
#MinhaVidaa,1
#BBL,1
#xfactoratthemovies,1
#Coloridas,1
#labrador,1
#tvd,1
#esquentano226,1
#gayboy,1
#Peru,1
#Amandine,1
#disneychannel,1
#AmigasLindas,1
#FernandoESorocaba,1
#Red,1
#PREDUARDOVIEIRA,1
#jeque,1
#medo,1
#ColleenHoover,1
#lapinhadaserra,1
#FuiiDeCama,1
#Ihopeso,1
#SevenDelPlumazo,1
#Encerramento,1
#belembelem,1
#UnderPressure,1
#teAmo,1
#instabicho,1
#broma,1
#george,1
#Zoom,1
#blackisbeautiful,1
#Tw8500,1
#JaPaCamaaaa,1
#TimBeta,1
#BoliviaPuede,1
#lanochemeconfunde,1
#Guerrero,1
#Mérida,1
#minimim,1
#Anivermes,1
#elfantasmaxsiempre,1
#5k,1
#m3,1
#maturidade,1
#MelhorDoMundo,1
#musica,1
#VemSafadao,1
#astronemarecalcada,1
#terminando,1
#PasarlaSuperBien,1
#Días,1
#BeliebersTheBestFandom,1
#afazenda,1
#cunhas,1
#orange,1
#Mars,1
#f4f,1
#photograph,1
#BeautifulGirl,1
#FimDePapo,1
#THATSMERIGHTTHERE,1
#zzZ,1
#TwOfffffffff,1
#EsLoQueHay,1
#Laurete,1
#Ficaadica,1
#UrubuEcoParque,1
#XôGilmaCapeta,1
#cronicasdeclinicas,1
#PerdónVecinos,1
#lavainaestarrecha,1
#Offff,1
#LaBaseDecide,1
#WhatsApp,1
#LoveStory,1
#DeVolta,1
#imperatrizleopoldinense,1
#13diaas,1
#vemdia13,1
#Promo2015,1
#Corpoelec,1
#Beautifull,1
#ChoraHater,1
#ChefinhoMandou,1
#orgulho,1
#LocaDeMierda,1
#fotorapp,1
#poxamael,1
#nollegonunca,1
#augusta,1
#faveladanaspalavras,1
#TireiSabado,1
#campeao,1
#culosrotos,1
#enigmaticoenbd,1
#SeFueTodoALaMierda,1
#EquipeSofrência,1
#delicious,1
#RAFAPAIDOSMODA,1
#atardecer,1
#Amorpratodolado,1
#Massagem,1
#promotora,1
#yashao,1
#Fifteen,1
#Nochedelasletras,1
#inkInMe,1
#ressaca,1
#SóAcho,1
#Tutowuawua,1
#tocomebola,1
#pinacoteca,1
#health,1
#Nail,1
#NossoMatheus,1
#school,1
#almuerzocena,1
#turningpage,1
#muertos2014,1
#frangaum,1
#dorme,1
#batebola,1
#xôoo,1
#Grabacion,1
#Projetaço,1
#extrañatitis,1
#jobs,1
#CONSTAT,1
#césar,1
#HappyHoliBrasil,1
#TudoNosso,1
#BadDay,1
#FamilíaÉTudo,1
#lauravulgodemilovato,1
#65days,1
#FICADICA,1
#madruga,1
#sonhos,1
#LaTorreEnConcierto,1
#campaIAM2014,1
#France,1
#calabocagiuliano,1
#sorriso253,1
#Lucero,1
#2014,1
#Social,1
#VampireDiaries,1
#perdóname,1
#Estamos,1
#coata,1
#KeepCalmFefy,1
#querosempremais,1
#Posguerra,1
#Festividade,1
#VamosLaBandaCJA,1
#yinzers,1
#semmentirnunes,1
#RiberNoTengasMiedoNoEsPromocion,1
#SejaBemVinda,1
#Cheaters,1
#maeefilha,1
#Ishtouro,1
#ADor,1
#Pliss,1
#Entrelazados,1
#TomYJerry,1
#SalyPimienta,1
#World,1
#Cor,1
#sueño,1
#RADIOSHOW,1
#poco,1
#NaoVaiTerDilmá,1
#instakaty,1
#rodolfo,1
#HateMe,1
#ElQueSeChipaPierdePapá,1
#PazPorLosSueñosDeRobert,1
#FrutoDoJogo,1
#FutbolPermitido,1
#matica2014,1
#Giant,1
#domingueandoconelbaby,1
#CBR,1
#Tenso,1
#conejas,1
#AninhaLemos,1
#HiperionBuffet,1
#FestaDoOi,1
#dupladedois,1
#StarsDance,1
#IrmãosDeSangue,1
#ballet,1
#amoEssaBanda,1
#SeguimeYTeSigoYa,1
#gluten,1
#Castle,1
#Sabelo,1
#drinkandshot,1
#tudopramim,1
#teamcarpenter,1
#anzuclub,1
#carreteras,1
#porquesitodossetiranalrioyotambien,1
#desliguei,1
#Encuesta,1
#palinha,1
#Tequiero,1
#HistoriaBaDh,1
#socializando,1
#DNATourReloaded,1
#peinado,1
#porfiii,1
#bodasdepapel,1
#LaBurla,1
#Safari,1
#again,1
#LevyAdictas,1
#PartiuZoologico,1
#RIPDaph,1
#ProgressiveDubstep,1
#mural,1
#rock,1
#ElCampeonsera,1
#ANNNW,1
#SagasConvention,1
#loveeee,1
#Filhote,1
#camaurgente,1
#TwNoni,1
#Damian,1
#SuelePasar,1
#Barra,1
#tchacatchacanabutchaca,1
#SaidaeDilma,1
#books,1
#Parrilla,1
#MeAmatantoQue,1
#Musica,1
#jardinmacarena2,1
#expomateriaprima,1
#alwaystogether,1
#AlientoDeMadre,1
#HoroscopoRock,1
#LoveYou,1
#NFTO,1
#SamgungNightRun5K,1
#ACORDABRASIL,1
#Niell,1
#Night,1
#natureza,1
#VillasJurerê,1
#uerjdadepressao,1
#luciano,1
#amoporqueamo,1
#pensenisso,1
#LaFigura,1
#parceria,1
#depresion,1
#brasília,1
#tchau,1
#panicatthedisco,1
#Guárico,1
#2015,1
#Domingolindo,1
#fraldinha,1
#shitzu,1
#rubi,1
#Skype,1
#BuenaMusica,1
#YouAlreadyKnow,1
#Clínica,1
#meusModelos,1
#mylife,1
#progresso,1
#penaporta,1
#tutoguagua,1
#BaDhelo,1
#claraglobeleza,1
#EndlessLove,1
#HeloisaFaissol,1
#cumple,1
#ProjetoMaromba2030,1
#airport,1
#MeGanoElSueño,1
#espectáculo,1
#Nachuli,1
#ABUSOOOO,1
#FAV,1
#foifoda,1
#HablandoDeAutos,1
#Powder,1
#lovaflop,1
#galeriadearte,1
#PERRUNO,1
#Aruba,1
#sonrisa,1
#malu,1
#Friends,1
#panther,1
#DeusNoComando,1
#buenacompañia,1
#naoaviolencia,1
#dilmaBurra,1
#adela,1
#RachelMcAdams,1
#Cacheton,1
#YOPAL,1
#TempoDeOrar,1
#likeAphotographer,1
#seempiezalasemana,1
#VaiTerCasório,1
#omg,1
#merda,1
#Ajudem,1
#rodadesamba,1
#BabiRossi,1
#WongWei,1
#PoKeMoN,1
#satanás,1
#nordestino,1
#quierovacaciones,1
#florence,1
#AllAboutThatBass,1
#reputation,1
#SNVQNQ,1
#look,1
#Abstracción,1
#CubaTeQuiero,1
#Cansado,1
#cantasmagorico2014,1
#93DIAS,1
#bajonmal,1
#muitomaislouca,1
#throwback,1
#People,1
#grupolentesemfoco,1
#Yolo,1
#Book,1
#Tonyfest,1
#high,1
#AgentsOfShield,1
#MyRespct,1
#Twof,1
#SoyAzul,1
#niver,1
#twOff,1
#FREUD,1
#forestal,1
#JusticiaMadridArenaYa,1
#Beijonoombro,1
#JB,1
#pensamentolonge,1
#despedida,1
#purelove,1
#sensacional,1
#VaPorTi,1
#DiosDameFuerzas,1
#chovechuva,1
#meamo,1
#GoOn,1
#PaPutaQueOPariu,1
#eusoumaisAecio45,1
#EresSirvientaComoWendySulca,1
#Eliana,1
#OLoHacesTuOLoHagoYo,1
#Matate,1
#campeoncabj,1
#tavabomdemais,1
#infographic,1
#Botafogosempre,1
#maiado,1
#Faltapoquito,1
#sambademalandro,1
#whyisitsoooobloodyhot,1
#goldenwax,1
#Vamoscali,1
#anitta,1
#querovoltar,1
#Cena,1
#eusofri,1
#spongebob,1
#ETERNOAMOR,1
#boogarins,1
#marsinrio,1
#OPIMiniNailLacquers,1
#SoPaulo,1
#CírioMusical,1
#KatyPerryVoice,1
#LlegaYaPorFavor,1
#meuanjo,1
#NocheDeConfecciones,1
#gelo,1
#somostodoscavalos,1
#chatuolmodeon,1
#larepetiriacuantasvecesseannecesarias,1
#Alexia,1
#JodidaPeroSoyTuMadre,1
#Paternidad,1
#meresso,1
#drinkeshot,1
#Fé,1
#onemoretime,1
#poolparty,1
#horariodeverão,1
#dorrrrrr,1
#IrmaosDeSangue,1
#Adeus,1
#AskSeñoraCatolica,1
#Jesus,1
#SoyMama,1
#ff,1
#Maninha,1
#melhores,1
#tranks,1
#laclemenzaditito,1
#aguadalove,1
#mascotas,1
#Turkish,1
#cpm22,1
#VamosPasCarajo,1
#Marquage,1
#SiempreJuntos,1
#MalosettiyRada,1
#saibanhadeporco,1
#Netflix,1
#CHILE,1
#sketchbook,1
#EMAABiiggestiFan1D,1
#Ainda,1
#mickeymouses,1
#Dooooooormir,1
#Foto,1
#catarataseufui,1
#DurmiAgora,1
#Adormir,1
#Placer,1
#Beia,1
#Ayudemoslo,1
#21km,1
#Insomnio,1
#gestiondeloptimismo,1
#DreamCatcher,1
#HappyHolli,1
#NadaDeSueño,1
#instazeca,1
#TeQuiero,1
#ciuminho,1
#cicipasta,1
#festa,1
#owntilindo,1
#AfterParty,1
#aconfissao,1
#Eu,1
#TentarDormir,1
#NosBoludean,1
#LaParedNegra,1
#uba,1
#Galerosa,1
#Aburrido,1
#roller,1
#Curitiba,1
#strayhearth,1
#WalterMitty,1
#ElSupeCopaRowing,1
#jazz,1
#likes4likes,1
#MelhorComDilma13,1
#Miau,1
#Iago,1
#sempresuadupla,1
#Rumbos,1
#buenas,1
#Sim,1
#filme,1
#casais20,1
#dehoje,1
#LaGata,1
#ILOVEYOU,1
#Siento,1
#Ballet,1
#refletindonamadruga,1
#palhaçofuxiquinho,1
#ALosSeis,1
#12Octubre,1
#calle,1
#paibabao,1
#nightrun5k,1
#SaudadesDoGordo,1
#Refresco,1
#SiMañana,1
#quarto,1
#Fotorapps,1
#jueputa,1
#awfuck,1
#soloenvenezuela,1
#chupaporco,1
#self,1
#Malala,1
#ItsDifferent,1
#pacaembu,1
#letsdrunk,1
#missintercontinental,1
#FicaADica,1
#AVecesPasa,1
#RedeRecord,1
#Excited,1
#compartiendo,1
#loveMuch,1
#JOVEMDOANODavidLuiz,1
#CuandoSeQuiereSobranLasGanas,1
#beiçudo,1
#peidorreira,1
#campanhaoutubrosa,1
#Maceió,1
#SodaStereo,1
#amizade,1
#JÁ,1
#de,1
#poodles,1
#pasión,1
#PrimaPapaidoCéuTeAma,1
#eeutentandodietar,1
#Kushsession,1
#genericos,1
#FelicidadInfinita,1
#GoNiners,1
#imstilldelíciafromtheblock,1
#Alosseis,1
#Life,1
#SejaFeliz,1
#SintoFalta,1
#Cuida,1
#Senhor,1
#frenchi,1
#laguayrarunners,1
#Ebola,1
#mylittleprincess,1
#tote,1
#Session,1
#Runners,1
#AviacaoNaval,1
#LaDifícil,1
#QuedoPFUPorFelipe,1
#vergonha,1
#PitucasSinLucas,1
#scenic,1
#residentevil4,1
#PolyMá,1
#maledemivida,1
#Descenso,1
#LaHabana,1
#NovasAmizades,1
#ClubAtleticoBocaJuniors,1
#CrazySensation,1
#ixii,1
#segue,1
#chegadehipocrisia,1
#Ole,1
#Caribbean,1
#respect,1
#read,1
#paradise,1
#3Dias,1
#showdoano,1
#lomejores,1
#boaboa,1
#tablet,1
#ChupaPito,1
#DomingoOff,1
#muitobom,1
#JosePereyra,1
#Misteriosdelalife,1
#BestDay,1
#losherederos,1
#CordeiroSanto,1
#IrmãoPostiço,1
#paidemenino,1
#Guapo,1
#SempreFiel,1
#amadobatista,1
#Canal13,1
#árvorenabalada,1
#pasoa,1
#IsaacNewton,1
#vlws,1
#cousin,1
#PumPum,1
#always,1
#TeVerde,1
#deuruim,1
#surf,1
#TiernoDurmiendo,1
#inline,1
#Transforme,1
#IfWeDate,1
#FestadosAnos60,1
#Nochedekaraoke,1
#Miami,1
#MayTheLordBlessUsOneMoreWeek,1
#FORAdilma,1
#BuenConsejo,1
#Brasilia,1
#MenteMuitoDilmá,1
#MachuPicchu,1
#Guillermo,1
#DeuRuim,1
#CalaBocaDilma,1
#Nailas,1
#cp,1
#VamosCTM,1
#RealRadio,1
#Memories,1
#sisters,1
#LaPlazaLoPuede,1
#Eyes,1
#Bahia,1
#Bajon,1
#arisjerome,1
#speak,1
#nerviosss,1
#ChuvaEmBH,1
#blader,1
#GodisLove,1
#Pajerisima,1
#encrespageral,1
#Styleweek,1
#AecioEmTodoBrasilAecio45,1
#Viernesdelocos,1
#tudolindo,1
#minimal,1
#XôPT,1
#Buzsy,1
#EleéoAMOR,1
#tucaramesuena,1
#Of,1
#elitebranca,1
#CAT797B,1
#amoranimal,1
#Chateada,1
#Amote,1
#minhasperguntassaoasmelhores,1
#clone,1
#NosotrosMorimosPorJugarloUstedesMueranPorGanarlo,1
#justin,1
#sushi,1
#hero3,1
#bailes,1
#Paso,1
#MeHaPasado,1
#balneariocamboriu,1
#MilTiros,1
#Umasemanaabençoada,1
#PeroHayPatria,1
#rialto,1
#festarave,1
#Mocidade,1
#Jodete,1
#DeusnoComando,1
#ObrigadoAmigos,1
#tonta,1
#cagon,1
#cari,1
#GrupoNossoSentimento,1
#Valentin,1
#Ruiva15,1
#Cerveza,1
#AgoraQueroVeer,1
#Capital,1
#JOTI,1
#LACRAS,1
#tuto,1
#NoTeRetiresRobert,1
#NocheDeFrasesDelOrto,1
#ForaMarinaeLevaoITAÙjunto,1
#day64,1
#amizadeeterna,1
#euapoio,1
#Transatlantica,1
#projetoVerão,1
#gordinhomexmooo,1
#Fuii,1
#ahijado,1
#pegodenovo,1
#MeuOvo,1
#ILoveLô,1
#falomemo,1
#BeReal,1
#maconheira,1
#maisrespeito,1
#Diablita,1
#MBWorldTour,1
#Trabalhos,1
#lálálá,1
#gogogo,1
#LaHoraCero,1
#Brenda,1
#Arroz,1
#partiucastelodabisa,1
#pipoca,1
#Mochila,1
#tedaalas,1
#myboys,1
#Arrependimento,1
#AnsiedadeÉIsso,1
#delomejor,1
#Constantine,1
#AeroMinhaCasaMinhaVIda,1
#DeixaAVidaMeLevarVidaLevaEu,1
#elretromercado,1
#fodedor,1
#beijos,1
#MUSICAAAA,1
#ink,1
#RetratosFalantes,1
#Genia,1
#SamsungNigthRunccs,1
#Zulia,1
#CienciasContabeis,1
#gostinhodeinfancia,1
#chef,1
#LaPiloteoEnElAguaComoFelipe,1
#Cambadadefilhosdaputa,1
#InstaGirl,1
#AskPaul,1
#Replay,1
#ChupameUnaTeta,1
#ThrowBack,1
#agoratôsereia,1
#voltandoasercriança,1
#ebolando,1
#Marianita,1
#Deseo,1
#kiss,1
#EuVotoAécio45,1
#MeDaMañas,1
#cocinero,1
#Dilma13MaisBrasil,1
#Elsupergay,1
#chilegram,1
#Xoxo,1
#foradilmaelevaoptjunto,1
#frase,1
#galinhapintadinha,1
#MaraviTop,1
#metanoia,1
#afterchurch,1
#Addicted,1
#Engineering,1
#extravaganza,1
#aloka,1
#desmayo,1
#PutaQuePariu,1
#dor,1
#festivalcunadeacordeones,1
#vemrecordenoei,1
#cine,1
#EuAmoOMeninoDoRJMGDoBrasilVerdeAmarelo,1
#Aviso,1
#eternobabacaeu,1
#recife,1
#zehenriqueegabriel,1
#LanaDelRey,1
#BelieveTour,1
#soupoderosa,1
#Offina,1
#babydontlie,1
#SantaClaus,1
#saudadeforte,1
#chelopete,1
#eciriooutravez,1
#foreverus,1
#overgaleria,1
#MorroBranco,1
#Esteban,1
#GostoPacas,1
#SAGITARIO,1
#partiudurmir,1
#ThisCouldBeUs,1
#agrvai,1
#abstinência,1
#BlancoYNegro,1
#PorDejarmeEnVisto,1
#Happyholli,1
#Hallowish,1
#lhoucos,1
#ready,1
#MuitoFeliz,1
#bed,1
#MiHeroe,1
#Iris,1
#Publicidad,1
#DeTerosMeVoyAMorir,1
#maiscarinho,1
#calada,1
#NovoMapadoBrasil,1
#g4,1
#Tucuman,1
#morirlas,1
#EMABiggestFans1DJustinBieber,1
#GrupoClareou,1
#amigosVoltemASeVer,1
#sofimehama,1
#Food,1
#lowcura,1
#FernandoéAecio,1
#SalgoSobrando,1
#futbol,1
#saidemiminsonia,1
#Pode,1
#WpOff,1
#pointer,1
#ConferenciaStylixosas,1
#laprevia,1
#instafood,1
#sintosaudadede,1
#Amore,1
#filho,1
#Gonzasiemprepresente,1
#EuEscolhiNãoReproduzir,1
#fodaseareacaodosoutros,1
#Jorge,1
#InseguridadVE,1
#FDP,1
#Zzzzzz,1
#Desábado,1
#CASLA,1
#brooklinFest,1
#bububita,1
#ratavelhaquinao,1
#ComDeusTodoMundo,1
#Folguinha,1
#ReservoirDogs,1
#NoMore,1
#directioneroff,1
#ubatuba,1
#RazonesParaNoIrAlSOFA,1
#farradofds,1
#bella,1
#DjJr,1
#con,1
#maketendow,1
#ap,1
#Valparadise,1
#Força,1
#Domingoney,1
#PartiuFestaDoJapa,1
#LaMarcha,1
#realidad,1
#Devo,1
#DENvsSF,1
#Medo,1
#HBD,1
#senhorestáemsuasmaos,1
#virus,1
#Amiga,1
#Pixlr,1
#CoraçaoDeDavi,1
#Mori,1
#mychuky,1
#QLoEntendimosTodoMal,1
#paisendopai,1
#brasileirao2014,1
#japeguei,1
#vp,1
#TWDAMC,1
#GraciasBocaJrsOficial,1
#skank,1
#Smile,1
#inveja,1
#AecioPorto,1
#soudessas,1
#zamigos,1
#TeExtraño,1
#dormi,1
#AnaFaz15,1
#boasrisadas,1
#EMABiggestFans1Dvamo,1
#Twolf,1
#HairStylist,1
#PartiuCasaDa,1
#Musäfa,1
#Zzzzz,1
#AécioeSartori,1
#sou13,1
#sóvem,1
#Milito,1
#9meses,1
#boluda,1
#steelers,1
#WanessaDivaSuprema,1
#Tumbaye,1
#LunesRutina,1
#iloved,1
#pedalada,1
#VLP,1
#hostel,1
#Cheverito,1
#Géminis,1
#missing,1
#estudiar,1
#ConTodo,1
#cianorte,1
#GraciasSeñorJesuCristoPorTodo,1
#Bands,1
#marathon,1
#gesapeguei,1
#Wellingtom,1
#churras,1
#vemsabado,1
#ESLEY,1
#idola,1
#LESAdv,1
#rebolando,1
#QueSeRepita,1
#malditohorariodeverao,1
#estonoseacabahastaqueseacaba,1
#Yuri,1
#amordadinda,1
#malévola,1
#bommmdiaaaaa,1
#Helado,1
#yos,1
#BemDeBoa,1
#LareeXpress,1
#TheNightmareBeforeChristmas,1
#ador,1
#ebola,1
#LaQueNuncaMeFalla,1
#Aries,1
#bttn,1
#time,1
#momentos,1
#MañanaEscuela,1
#RocioYMaradona,1
#rommates,1
#juliomesquita,1
#Instalove,1
#after,1
#BRC,1
#vaestarbuino,1
#EMABiggestFansAriana,1
#EnciendoUnaLuz,1
#LEO,1
#lasavispas,1
#CampZión2014,1
#operacaobetalab,1
#msc,1
#⃣3⃣1⃣,1
#Bendición,1
#AllianzParque,1
#52dias,1
#confirmacion,1
#Pastorcollie,1
#Jobs,1
#FollowbackSeguro,1
#PartyHard,1
#ModdeOnn,1
#chamaosamu,1
#MalditoViaje,1
#batalladelosgallos,1
#cansadora,1
#Divas,1
#instaboys,1
#Training,1
#naocomemais,1
#partiucomprariphone,1
#flacura,1
#SQN,1
#justlife,1
#rojoputa,1
#eyefish,1
#HAPPYBIRTHDAY,1
#BrNoName,1
#rosario,1
#vtr,1
#raiva,1
#DEUSÉMAIS,1
#2AnosSemRebelde,1
#familyyoga,1
#forro,1
#bh2,1
#BernalStyle,1
#Twofffff,1
#AcapulcoShore,1
#HistoriasPrestadas,1
#dofds,1
#presencGod,1
#AgentOfShield,1
#festadosmortos,1
#laguna,1
#evil,1
#voutemorder,1
#mto,1
#Maricona,1
#acre,1
#Kaleidodash,1
#Jipzter,1
#RJ,1
#bomdia,1
#LaFE,1
#LuchaContraElCancerDeSeno,1
#adiós,1
#Lfav,1
#buenisimos,1
#exijoundescanso,1
#HablameHablameHablameHablamePorFavor,1
#debobs,1
#TeAmoSebastianAlejandroFernandez,1
#TeSigoSiEres,1
#mismo,1
#Nosematen,1
#dias,1
#FOLLOW,1
#Disclaimer,1
#mesdelasbrujasenelcartel,1
#MoixRenuncia,1
#amarlas,1
#RelatosSalvajes,1
#táparey,1
#Heartbreaker,1
#VantagensAlemDaBelezaSuprema,1
#lloro,1
#Revolution,1
#LosMosquitos,1
#Nature,1
#PapaPorSiempre,1
#NoPainNoGain,1
#Amor,1
#MazeRunner,1
#Amooo,1
#Tu,1
#Gastónfest,1
#sleeping,1
#MelhorCompanheiroNãoHà,1
#NaoDormi,1
#IWillNeverForget,1
#TRIBO,1
#GameOfThrones,1
#es,1
#72,1
#hevo84,1
#EMABiggestFansJustinBiebet,1
#QueBajon,1
#pest,1
#sad,1
#Escorpión,1
#HDAII,1
#app,1
#curiosa,1
#VemLuan,1
#MiNeneLindoYPupi,1
#Hanna,1
#leggings,1
#dilmamudamais,1
#eduardogavidiafotografia,1
#SANCRISTOBAL,1
#BlackandWhite,1
#Nochedefrasesdelorto,1
#Cordoba,1
#sun,1
#2x1,1
#HeloIsDead,1
#estranhos,1
#Huertaa,1
#pessimoexemplo,1
#oldSchool,1
#AohTempinhoBomDeChuva,1
#BocaDeUrna,1
#showlinkinpark,1
#patetic,1
#sódoidos,1
#debatecorreio,1
#Quem,1
#SIMPLE,1
#Cojedes,1
#Colombiano,1
#alagiladanicabida,1
#NoAlCancerDeMama,1
#Aéciopresidente,1
#MANGADEFALSOS,1
#PSDBNuncaMais,1
#happyweek,1
#PRONTO,1
#cancer,1
#muchas,1
#dragão,1
#tenhodó,1
#AskOlly,1
#annabelle,1
#PicOfTheDay,1
#positividade,1
#hobbit,1
#itsamayerthing,1
#avila,1
#sabotage,1
#MelhorMae,1
#Aunqueelnoloentendio,1
#aggressiveinline,1
#SalaDeEmergencia,1
#insta,1
#anécdotasconmamatinygiuli,1
#sofromto,1
#taller,1
#stalkea,1
#RockAndRoll,1
#AÇAÍ,1
#AmorMeuu,1
#foi,1
#sambanacabeçadagalera,1
#SamsungNigthRun5k,1
#taruimpratodomundo,1
#PortoVelhoBuffalos,1
#Bersuit,1
#propósitocomDeussemface,1
#carnaval,1
#holainsomnio,1
#AAA,1
#Doido,1
#SantiagoCruz,1
#MUSICF,1
#segura,1
#Wiiii,1
#puenterosariovictori,1
#ElQueMuchoAparentaPocoEs,1
#faltannuevosguiones,1
#Seligouuu,1
#DreamOutLoud,1
#ACba,1
#final,1
#Boneless,1
#florBecerra,1
#NoTengoSueño,1
#manjeiricao,1
#ditado,1
#runnersunning,1
#ChauDomingo,1
#K,1
#ClasicoRosarino,1
#SomosLaCiudad,1
#PAIDOSMODAAA,1
#3125MtsAltitud,1
#DimitriVegasAndLikeMike,1
#flws,1
#locosporlapala,1
#Valentina,1
#quelindo,1
#quadradaururau,1
#TaDemorando,1
#Yo34min,1
#Sigueme,1
#popsicle,1
#alwayssmiling,1
#seeumentregar,1
#Miranda,1
#equitacion,1
#É,1
#Snapchat,1
#soloami,1
#BellMarques,1
#Duele,1
#Jujuu,1
#tenhasemprefe,1
#sograesogro,1
#Lodije,1
#InovaSertao,1
#djportugues,1
#oDepintousozinho,1
#LaspastillasEnEstereo,1
#GloriaADeus,1
#cinema,1
#GCEMG,1
#YoTeViCampeon,1
#FloresYComplicesTodosALaCarcelPerpetua,1
#LlegasteTu,1
#bajoelmantodelachinita,1
#gogermany,1
#4anoseLaVaiCassetadaDeAmizade,1
#zZz,1
#aguss,1
#siempreseduermeprimera,1
#lugarlindo,1
#MiraQuerida,1
#emabiggestfansjustinbieber投,1
#TwOfffffffffffffff,1
#melhoramiga,1
#NuncaMás,1
#épracaba,1
#painting,1
#que,1
#avantipalesta,1
#miedoooo,1
#PowerRangersInSpace,1
#tudocoisado,1
#EuFui,1
#MusicPerfect,1
#GelsonLuis,1
#tanamente,1
#hermosa,1
#RETRICA,1
#pilupoeta,1
#morri,1
#MyNight,1
#horóscoporock,1
#Teresa,1
#insomniomodeon,1
#AlbertoFederer,1
#MODELSELFIE,1
#SeguimeYTeSigoEnSegundos,1
#ElBiCampeónSeráRiver,1
#TanBionica,1
#joder,1
#dancers,1
#Sismo,1
#IarayJ,1
#OUAT,1
#miextrañaobsecion,1
#JG,1
#DaleRo,1
#muitoamorenvolvido,1
#OAmor,1
#Decibeles,1
#GanasNoMeFaltan,1
#Follow,1
#Friend,1
#SOLHUDA,1
#PelotudasyYO,1
#SemSonno,1
#1roYO2doYO3roYo,1
#meseguekamila,1
#felicidad,1
#Fome,1
#Joya,1
#hermanina,1
#Dumper,1
#altitudesickness,1
#L,1
#Eso,1
#IS20Tour,1
#Smoke,1
#foraDilma,1
#WorkshopBioExtratusByNeivaPena,1
#agoraé45,1
#conceitotasubindo,1
#PearlHarbor,1
#redbullstudios,1
#misti,1
#espntemnfl,1
#Calma,1
#Vibes,1
#olhaaformiga,1
#Wal,1
#lembrançasdeumpassado,1
#runners,1
#Tecno,1
#CiroYLosPersas,1
#congelando,1
#Ñam,1
#Australia,1
#SV,1
#NocheDeSalseo,1
#padrinhos,1
#cuidandodavivi,1
#PASTILLASENESTEREO,1
#descenso,1
#deraçaChihuahua,1
#geofriends,1
#hairyface,1
#dilma13,1
#EMABiggersFansJustinBieber,1
#vscocamdaily,1
#Natal,1
#bandabatefirme,1
#belemdopara,1
#124,1
#SejaBemVindaChuvaSuaLinda,1
#Noentiendo,1
#Mylove,1
#Auriculares,1
#Fllws,1
#PNFAGROALIMENTACION,1
#Pepe,1
#cris,1
#lubaAlagoinhateama,1
#BoaNoiteee,1
#OneMoreChance,1
#ElPrincipito,1
#Tarea,1
#querlike,1
#AgoraVaEContePraSuaMae,1
#jaredletto,1
#Edicion,1
#Emiliano,1
#FlaGoodVibes,1
#little,1
#Aquarius,1
#kiperigoh,1
#Ocaña,1
#RadioWor,1
#ZanessaÉVidaSuaIdiota,1
#praqueessesolhostaogrande,1
#TaChupadasa,1
#FbOff,1
#melhordomundo,1
#TudoLáDentro,1
#tribalclub,1
#SemSono,1
#nemosonomequer,1
#M1L,1
#zzzzz,1
#NaldoBenny,1
#spaceHD,1
#PorMisAmigos,1
#Metropolitano,1
#AlosSeis,1
#compromiso,1
#DivaMesmo,1
#semanaAcadêmicaFAC,1
#SaoJoaodeMeriti,1
#BUENASNOCHES,1
#anjo,1
#RENOVAÇÃO,1
#clubmed,1
#WORLDF,1
#sister,1
#ciudad,1
#ALALUCHA,1
#AM,1
#LasPastillasDelAbueloEnCanal9,1
#Jazz,1
#clinica,1
#CertoSábado,1
#LasAmo,1
#EstoroLaMáquina,1
#3F,1
#enigmaticoDDM,1
#fotospalfeis,1
#LaRasta,1
#Apaixonada,1
#Virgem,1
#BARILOCHEEE,1
#NocheDe,1
#ElIndioSeCuleaAlLeon,1
#TomAndJerry,1
#Braziltour2014,1
#keepsmiling,1
#taquaritinga,1
#Luan,1
#Viven,1
#BDay,1
#vscophotos,1
#askPaul,1
#AtleticanoSegueAtleticano,1
#IzairaFreitas,1
#Missa,1
#bostero,1
#BendecidaYAfortunada,1
#VemParaOBrasilDemiLovato,1
#recargadisima,1
#ciclistico,1
#nohetero,1
#foodtruck,1
#ComienzoDeSemana,1
#Cinema,1
#KommunityFK,1
#M,1
#GirlsJustWannaHaveFun,1
#FuiLonge,1
#no,1
#Amazing,1
#LéoRodriguez,1
#supernatural,1
#tanamoramdoemequerendo,1
#Lau,1
#OlhaOgrito,1
#McDonalshDruimsT,1
#reflexõesdeoreo,1
#Divinas,1
#Linkinpark,1
#MeuGostosão,1
#errefota,1
#Maracay,1
#IEGV,1
#dbz,1
#fimdesemanatop,1
#EMABiggestFans5sos,1
#DudeBike,1
#fanfara,1
#tem,1
#AmigaTierna,1
#GoogNight,1
#StarTrek,1
#picollo,1
#GreenDay,1
#PazdeJah,1
#ImSoFancy,1
#misshim,1
#mendoza,1
#vceamelhor,1
#DesdeLaTribuna,1
#likes,1
#veranoveintequince,1
#AdeusSolidão,1
#razoesDomeuViver,1
#quotes,1
#DilmaDuChefe,1
#Japa,1
#antiga,1
#brc,1
#PreOrdenVampsUsa,1
#FF,1
#CONFIRMADO,1
#TresPalabras,1
#P12,1
#AbrahamLincolnvszombies,1
#Elias,1
#liquidacion,1
#vaisafadao,1
#Yoconfieso,1
#Rave,1
#TodoBienHastaQue,1
#Apensar,1
#NLMNS,1
#MisionCumplida,1
#Belem,1
#eunhaespam,1
#noaltomaipo,1
#LuanSantanaNaHoraDoFaro,1
#davidguetta,1
#rycaaa,1
#girlfriend,1
#ultimodia,1
#aDormir,1
#StayStrongDemi,1
#CosasViejas,1
#LaVelaPuerca,1
#RadioExito,1
#rdm,1
#BadSchool,1
#FICARLOUCA,1
#Logicaoff,1
#simiosQls,1
#SituaciónSentimental,1
#gorgie,1
#aAmarQueHaceFalta,1
#Vaisafadão,1
#Correnão,1
#Diooo,1
#BeeluOff,1
#LucianaGenro,1
#chipoteee,1
#enfiaquecabe,1
#padre,1
#Locutores,1
#DEEAADD,1
#yorkishire,1
#soapisa,1
#FuckYeah4,1
#termina,1
#surpresas,1
#semanaacademica,1
#SOADNoRockInRio2015,1
#Deusnãoestamorto,1
#quetristeza,1
#DesanimaNão,1
#Hermim,1
#LosTeques,1
#FestaNaCasaDoFiuk,1
#Zz,1
#home,1
#gimnasio,1
#SerieC,1
#desvelada,1
#finde,1
#ShannonLeto,1
#RimaBarata,1
#Visitante,1
#LaMitadMasUno,1
#wesleysafadão,1
#teaminho,1
#UNO,1
#TCRBucaramanga,1
#PrincesasDoSenhor,1
#aroundtheworld,1
#vivesensantiago,1
#NFLnaESPN,1
#ChàvezVive,1
#Romantica,1
#pittsburgh,1
#EMABiggestFan1D,1
#DeusÉBom,1
#lerdasempre,1
#ElSueñoDelPibe,1
#pascuala,1
#UrbeCafeBar,1
#MasMuertoQueElHermanoDeYuri,1
#away,1
#Chilling,1
#DemoraDezembro,1
#adoteumanimal,1
#fun,1
#eu,1
#BastaPorHoy,1
#NosVamos,1
#trovões,1
#BoludaConchuda,1
#caracas,1
#SundayNightFootball,1
#Boss,1
#OValedosMortos,1
#octobertests,1
#5dias,1
#comvcmsm,1
#nochedeaudios,1
#LaClaveEsta,1
#NoHayGarantiaEmocional,1
#beso,1
#TeamFollowBack,1
#TardeEnLaCity,1
#Dormirrrrrrrrrr,1
#Tw,1
#LPM,1
#fé,1
#forajunior,1
#ASL,1
#Lrt,1
#accionpoetica,1
#ArteSalvaje,1
#VÍDEO,1
#horadenonir,1
#tocomfome,1
#lipstick,1
#allblue,1
#laBaseDecide,1
#Feli,1
#chupamelapija,1
#OperaciónMentira,1
#fabiolaBecerra,1
#Feo,1
#BaiGudBai,1
#TimLab,1
#vibes,1
#art,1
#dia7,1
#AhijadaBella,1
#MINE,1
#QuerolucasluccoemNatal,1
#Açaí,1
#masoquismomodeon,1
#BasílicaDeLaChinita,1
#SouAecio45,1
#Funny,1
#HappyHoli2014,1
#contemporaryart,1
#solzin,1
#TheFlashOff,1
#Mañana,1
#villaMix,1
#GoodNigthBeachs,1
#DeMolay,1
#Fotor,1
#lamorena,1
#Luto,1
#failbrincadeiradedetetive,1
#DilmaKKKK,1
#quickchange,1
#lacradacmg,1
#loveBRasilBAladas,1
#nãolembronãofiz,1
#Anoche,1
#ExaConcierto2014,1
#Partir,1
#ShaniaTwainfans,1
#Racing,1
#LosAtletas,1
#chegalogosexta,1
#Karaoke,1
#CarlosPaz,1
#OswaldoMontenegro,1
#AGITO,1
#tyc,1
#adios,1
#Gold,1
#420,1
#SORRIA,1
#terriblón,1
#christinaperri,1
#PerdonTom,1
#noite,1
#LasNoticias,1
#teamo,1
#laquintabar,1
#lopocoquetengo,1
#HollywoodDivas,1
#cor,1
#pequenaponeiforevis,1
#internship,1
#Sleepy,1
#calooordemais,1
#valoressocialistas,1
#peli,1
#SurDelLago,1
#TocaReto,1
#EvilQueen,1
#RapAlvorada,1
#Chipote,1
#RiniteFdp,1
#Stay,1
#Octubre,1
#teamshirts,1
#60EAC,1
#Aviões12Anos,1
#ObrigadaRobertoCarlos,1
#RiverVuelveASerRiver,1
#9,1
#TorosColeados,1
#mesintobem,1
#Wilmerson,1
#hyccompucell,1
#DormiComEle,1
#SamsungNightRun5K,1
#DomingoTheEnd,1
#ChinoDeMiVida,1
#parte2,1
#VouComDilma13,1
#Besitoparananor,1
#Saudades,1
#bienbuenovale,1
#igreja,1
#Paracetaaaamal,1
#famosasveganas,1
#shopping,1
#francesinha,1
#DKX,1
#CANGREBURGUER,1
#TeQuieroCampeón,1
#EMAbiggersfansjustinbieber,1
#solidao,1
#SabíasQue,1
#CAPRICORNIO,1
#Ansiedade,1
#libélula,1
#instaperro,1
#TheStrongest,1
#dontcomeformeunlessisendforu,1
#NoSeVale,1
#CarliJimenez,1
#Zanahorias,1
#umDeusFiel,1
#NOENTIENDOESTO,1
#QueroDilma13,1
#HuelgaMega,1
#sexta,1
#JhonnyHerrera,1
#melhor,1
#naopossodormir,1
#Leyenda,1
#Goth,1
#Puertorock,1
#PrimoIrmão,1
#labby,1
#festadaprodução2014,1
#TODOseaporLAVELADEMICORAZON,1
#PauloéAecio,1
#Salvador,1
#Música,1
#recalkaquinao,1
#SDV,1
#kuririn,1
#UnNegroNuncaSeEquivoca,1
#red,1
#jardelalbuquerque,1
#TheScript,1
#Canal9,1
#InstaBox,1
#Changmin,1
#MOTIVATIONF,1
#cinemark,1
#Bou,1
#lucio,1
#NoMePasa,1
#jaPensou,1
#tôsótestando,1
#JaPense,1
#bomdiia,1
#LuanAmor,1
#quedocraneada,1
#RuloRicardo,1
#Grande,1
#TodoEso,1
#sambashow,1
#aindadizemqueedfisicaésójogarbola,1
#vaicorinthians,1
#FicaDica,1
#Fatmagul,1
#Ministrando,1
#npng,1
#costero,1
#querominhacama,1
#Arrrocha,1
#KennyVoice,1
#pobreJairo,1
#emotimacompanhia,1
#RevistaViva,1
#YoVeoLaTelepolemica,1
#ListoQuedamosAsi,1
#Lt,1
#kuitca,1
#11dias,1
#makeitpop,1
#DPP,1
#infografia,1
#Un,1
#MONITOAGRESIVO,1
#TheMoreYouKnow,1
#salud,1
#Artecore,1
#sonodabeleza,1
#INSANAS,1
#todasjuntas,1
#amigaaasss,1
#campododanilo,1
#Rumpelstiltskin,1
#Cheatday,1
#Tristeza,1
#AvengedSevenfoldNoRockInRio2015,1
#ananzinha,1
#BeginAgain,1
#TeamDarlos,1
#19o,1
#feeling,1
#sesentindoangustiado,1
#carousel,1
#cosmos,1
#EMABiggestFansArianaGrande,1
#Brapis,1
#ACORAZONABIERTO,1
#teve,1
#SiempreBlanda,1
#AgoraÉAecioBrasil,1
#2milhoes,1
#cbb,1
#brendonurie,1
#voltaluz,1
#Casa,1
#M1TO,1
#MonkeyBussines,1
#perpetuall,1
#Uol,1
#maracaibo,1
#yanasport,1
#EmbuGuaçu,1
#ajudaluciano,1
#indonesia,1
#Recargado,1
#Ismar,1
#Loveu,1
#PROMOEXTRA,1
#invisalignbrasil,1
#Dooido,1
#amado,1
#votenudes,1
#GoPro,1
#UnaFotoBUC,1
#chegalogo,1
#SiempreAmigos,1
#justo,1
#chanchaMalParia,1
#Moleton,1
#Presents,1
#bdaydajecx,1
#OlhosArdendo,1
#MissVzla2014,1
#abrazo,1
#SentimentalModeOn,1
#portodegalinhas,1
#blackOpsII,1
#JjksParty,1
#jbp,1
#RN,1
#tobem,1
#braziliangirls,1
#TeEdtoyHashtagueando,1
#NocheDeNadieMeDa,1
#torcida,1
#Podesertop,1
#paraquetafeiodemais,1
#MinhaVidaÉJESUS,1
#VCSCO,1
#jetzinho,1
#OFFAA,1
#bijapy,1
#parabénspramim,1
#Arrepentimiento,1
#NaoAcabaQuandoTermina,1
#RiverDeMiVida,1
#saltalabanca,1
#Argentinos,1
#Piti,1
#doces,1
#tododiferente,1
#ESPN,1
#SavageTeam,1
#agtproduções,1
#TristePeroCierto,1
#Broncos,1
#Hinchadas,1
#Dhullyane,1
#MomentoMacho,1
#EMAbiggestfansjustinbieber,1
#telldemwenuhwanoBCfrenzzzz,1
#Boa,1
#bancoop,1
#circutobancodobrasil,1
#Swing,1
#D2,1
#vemdezembro,1
#DomingãoMassa,1
#Pensativo,1
#MauricioCaranta,1
#forca,1
#dormirhorrores,1
#625Ton,1
#irmãodeverdade,1
#RiverTeAmoYYaTeExtraño,1
#Hungria,1
#polemicas,1
#PJB2014,1
#Ensayos,1
#Hannibal,1
#AHS,1
#DetonaAldo,1
#LoveSalvaje,1
#trilegald2,1
#GraciasQueridosVecinos,1
#SumaQue,1
#alwaysmrsbass,1
#MJAPWNN,1
#MeEstressou,1
#Ser,1
#1UPBros,1
#PutoLunes,1
#peido,1
#FreeTheMadness,1
#porreliterario,1
#lavaapiscina,1
#photography,1
#caiafogodoceu,1
#adioswatonacandy,1
#SangueDeJesusTemPoder,1
#odioaloslunes,1
#embreve,1
#RECORD,1
#CorroconSamsung,1
#VivirMiVida,1
#colectivodemierda,1
#RachãoTaciba,1
#twPause,1
#CáncerDeMama,1
#SemanaInteira,1
#MesRosa,1
#SanJavier,1
#AdiosPorSiempre,1
#Rutina,1
#vemquevem,1
#LiberenAInesitaTerrible,1
#Saindo,1
#SemEfeito,1
#rapécompromisso,1
#fatorápido,1
#kolombo,1
#SeráCuestiónDeSuerte,1
#VamosQueSePuede,1
#fisioterapiadadepressão,1
#goodmirning,1
#showscracho,1
#facul,1
#saída,1
#SnapChat,1
#coronitas,1
#ParquedaCidade,1
#DiBabona,1
#d,1
#Dilma,1
#QuieroVeranitoYa,1
#Kamikaze,1
#JHV,1
#oforninhocaiu,1
#mamãe,1
#NiverDaFabizote,1
#TheWayYouMakeMeFeel,1
#jáestudei,1
#buendomingo,1
#uvinha,1
#baixamsm,1
#DindaCuida,1
#FunkyDineva,1
#SóNosso,1
#nopodestomarahi,1
#Frases,1
#quemnasceucununcavaiserpica,1
#Crystal,1
#noitrboa,1
#Guimarães,1
#Gix,1
#nomastuit,1
#Estudio,1
#Aerso,1
#vaibaterlaemcasa,1
#Dejendormiralagentenormal,1
#nossodomingo,1
#TheWomenInBlack,1
#DiaLargo,1
#MuchoRetroChimbisLove,1
#matriPamelitisMiguelitis,1
#Romance,1
#EuFaçoParteDaDiferença,1
#ArenaPalestra,1
#vô,1
#dilmathevodka,1
#DimáMenteMuito,1
#vipnailbar,1
#vaivai,1
#buenísimos,1
#Fanfic,1
#lerompieroneltoor,1
#laquintabart,1
#Parana,1
#temporadaDeCaça,1
#NocauteiAldo,1
#MOMENTO,1
#Jenni,1
#despreocupada,1
#SomosTodosPolentaGosma,1
#AECIONEVER,1
#quengdemnhengdem,1
#amizadeantiga,1
#StayStrongDemiLovato,1
#direitotrabalhista,1
#mirror,1
#TurBus,1
#mejorpegadelmundo,1
#instalike,1
#Bronx,1
#RaulNaoFodePorra,1
#brotherlylove,1
#sundaynight,1
#dead,1
#QueChuvaBoa,1
#Tumbayé,1
#boamadrugada,1
#InstaCrazy,1
#PaytonManning,1
#solhuda,1
#LaBeriso,1
#Felicity,1
#SomosTodosChipamogli,1
#PARTIU,1
#niners,1
#ritmos,1
#hyh,1
#offline,1
#RuloRolando,1
#P9,1
#Nw,1
#noquieroiraclase,1
#Weekend,1
#3Febrero,1
#Transformers,1
#Manaus,1
#MuitoAmor,1
#Like,1
#vez,1
#BillabongPipeMasters,1
#ahijada,1
#acordarCedo,1
#Brabovaitaapraia,1
#MilenaVive,1
#ReceberBem,1
#pobre,1
#buenamusiquita,1
#EEUU,1
#MeeuAmor,1
#selfienossadecadadia,1
#twd,1
#xôinveja,1
#Fabynejar,1
#Domingão,1
#precisodormir,1
#Quando,1
#Sí,1
#gatita,1
#Erickzin,1
#Work,1
#puertoprincipal,1
#GanasDeViajeDeChileEsTUYO,1
#ObservatórioPotter,1
#EncendidoDeObelisco,1
#RACHEEEEEEI,1
#AbrahamMateoEnEcuador,1
#dar,1
#beats,1
#BoaNooite,1
#Periodismo,1
#Park,1
#EstamosenChile,1
#Rip,1
#AmoBichosDePelúcia,1
#modelo,1
#mudabrasil,1
#back,1
#recifeantigo,1
#GrandeMaaaaa,1
#KingOfTheKings,1
#horadedormirSQN,1
#Cursi,1
#Medinho,1
#SeguraNós,1
#ToniCruz,1
#BrazilianGuy,1
#VistoLivre,1
#hamburguesa,1
#Urbeanos,1
#JulianSerrano,1
#mamiteamo,1
#Ceni,1
#TankyouGod,1
#luz,1
#Chaucito,1
#cineminha,1
#tochegando,1
#CadeOsMagyaDaNoite,1
#BurguerKing,1
#JustinFumeMenosEDêMais,1
#Curtição,1
#malumadancer,1
#esperandoacessonositedoiesam,1
#JorgeeMateus,1
#lidecomisso,1
#MotoGp,1
#BOXSET,1
#aracaju,1
#deeeeubooommmmm,1
#Pasa,1
#skyremember,1
#noitedegala,1
#giveucredit,1
#turmaboa,1
#MasterChefChile,1
#TP,1
#CosmoRobertoAmorJuniorRodriguez,1
#MãeZocaaa,1
#ProvaDeMatematicaFinanceira,1
#TOCATE,1
#Bitches,1
#casadoconhijos,1
#Delirio,1
#fotografía,1
#Duitama,1
#2014ESRAYADO,1
#DILMA,1
#NocheNostalgica,1
#ILoveVerySister,1
#Zuliano,1
#GalaodaMassa,1
#kika,1
#pirates,1
#igersvzla,1
#niguemsegura,1
#alternative,1
#ElQueLoEntendioLoEntendio,1
#bienmerecido,1
#GoBroncos,1
#gesso,1
#SelfieSunday,1
#OffLine,1
#deusmelivrefofoca,1
#Frizz,1
#sobrehoje,1
#camargo,1
#ex,1
#NUNCAMÁS,1
#MañanaNoMeLevantaNadie,1
#aceitaqdoimenos,1
#OtroBorracho,1
#TardeBoa,1
#fantasma,1
#sim,1
#amigaehpraisso,1
#VamosCrescerPorra,1
#chill,1
#RickySarkany,1
#canseideilusões,1
#MeSentindoVitoriosa,1
#MiDeseoes,1
#paradisoespacio,1
#dessaespontânea,1
#Maravilhosas,1
#17meses,1
#TRANSFORMA,1
#respondeAe,1
#Rekeson,1
#Periodistas,1
#SamsungNigthaRun,1
#Crepúsculo,1
#gaynights,1
#recuerdos,1
#pegadinhadomalandro,1
#RemixLimosnero,1
#LuisMi,1
#CarlosVives,1
#GanarleAlSinAlientoCuesteLoQueCueste,1
#LiberenALosPresosPoliticos,1
#HerdeirosdoRei,1
#PalestraItalia,1
#track,1
#SP500,1
#Diogo,1
#Sapatao,1
#Angra,1
#antarctica,1
#oktober,1
#tiuusk,1
#PobreColombia,1
#VamosFazerCoisasDiferentes,1
#dormireparaosfracos,1
#Agrario,1
#bus,1
#Cachetes,1
#quantasvezeseuquiser,1
#AdiosConSusCuerposVirginales,1
#vacilãoroda,1
#Fer,1
#ask5sosfan,1
#OMundoGiraEim,1
#Tocate,1
#can,1
#woman,1
#Vos,1
#pernilongos,1
#desceogelo,1
#ita,1
#pt,1
#108,1
#Lpnamorando,1
#PortoVelhoShopping,1
#instacollage2,1
#naovivosem,1
#mudaBrasil,1
#vachet,1
#AleVidan,1
#Mine,1
#acapulcoshore,1
#ObrigadoDeus,1
#Amigos,1
#FelizDiaMamá,1
#Zeus,1
#Facultad,1
#trampo,1
#Xeniezes,1
#Superclásico,1
#Chacao,1
#LiberenALosEstudiantes,1
#Mozovo,1
#NIGHTTWO,1
#Trebol2015,1
#casocerrado,1
#PANIC,1
#ConsejoDePibe,1
#Apenax,1
#restaurantegatosderua,1
#SemLimites,1
#CircuitoBancodoBarsil,1
#camita,1
#Bibia,1
#BDayCunha,1
#ella,1
#InstitutoGangazumba,1
#atroden,1
#citación,1
#DennisDj,1
#Urban,1
#MelssInforma,1
#Lips,1
#Isla,1
#Chinelinho,1
#Triste,1
#xôolhogrande,1
#gisellevolta,1
#NoValiolaPena,1
#AecioMeninoDeCoraçaoValenteVerdeAmarelo,1
#AindaGostoDela,1
#VoVerONego,1
#vamosagir,1
#fnac,1
#MeHariasUnFavor,1
#sinfiltro,1
#MuyCierto,1
#choraemnosboy,1
#TVDS,1
#ta,1
#Nunca,1
#bnoite,1
#DilmaEnroleff,1
#Everlast,1
#taoeusaiumamerda,1
#SCFA,1
#Besoo,1
#amomuito,1
#eitagiovanaaa,1
#CruelWorld,1
#Chorando,1
#HijosNuestrosMorirán,1
#eyeglass,1
#mesário,1
#EuTambemNao,1
#BuenFinde,1
#JAJ,1
#Passat,1
#PROUDF,1
#LasAmooo,1
#rachelmcadams,1
#Infiel,1
#MuitoSono,1
#tv,1
#findi,1
#FelizCumpleSalch,1
#jaredinrio,1
#NichoBello,1
#Shitinho,1
#SomosCatolica,1
#safadão,1
#15yarubia,1
#romántico,1
#Naotemosoquefazer,1
#cagona,1
#LatinAmericaNeedsArtRAVE,1
#KimberNunes,1
#DimeQueSerá,1
#anoiteéumacriança,1
#Falabella,1
#saocaetanodosul,1
#theguilt,1
#DejarDeSeguir,1
#CondomínioVillarta,1
#real,1
#AmoDemaiis,1
#LoveMe,1
#PETRALHAS,1
#hellencaroline,1
#yellow,1
#encantamento,1
#AguaPorra,1
#bosta,1
#foi1veio18,1
#malvinasargentinas,1
#EuNegão,1
#goku,1
#MamaMechona,1
#metrosp,1
#vw,1
#zarzalaser,1
#quenteEseco,1
#gambiarra,1
#AMAAAARLOS,1
#ExpoLages2014,1
#EstePolvoTeMata,1
#volteiporra,1
#Malhumor,1
#naycavalcante,1
#melhorfindi,1
#catlover,1
#MadrugadaResumidaEm,1
#Manaus345anos,1
#FirstRule,1
#CARP,1
#VenezuelaLibre,1
#extreme,1
#sairenata,1
#instamood,1
#MeuPecado,1
#dizelaqueégringa,1
#adorooo,1
#Arequipaciudadblanca,1
#sábado,1
#YOVOTOPAS,1
#superclasico,1
#Ted,1
#TamoJunto,1
#EMABiggetsFans1D,1
#myworld,1
#ComidaDeFesta,1
#denise,1
#GreatWeekend,1
#Beijo,1
#Los60MejoresParaMama,1
#PeroAunNoComienzo,1
#Destroyer,1
#arenabahiamusic,1
#3AnosDeMotivo,1
#dupla,1
#MadrugadaSabrosera,1
#SeJoga,1
#horáriodeverão,1
#ToleranciaO,1
#chaufinde,1
#hoy,1
#HORTO,1
#felizescomdeus,1
#NuFlowzãoooooo,1
#Mimo,1
#HotelBoutique,1
#raslebol,1
#AlbertoMedroso,1
#invitatucantante,1
#CBJRSempre,1
#MarsInRio,1
#chehjter,1
#VouDormir,1
#TwitterConfession,1
#vaivalerapena,1
#queDELICIA,1
#MamãeOrgulhosa,1
#picoftheday,1
#Cuaçao,1
#Country,1
#Fãs,1
#Valencia,1
#soqnao,1
#colombia,1
#luchemos,1
#TeLaRegalo,1
#Clases,1
#Andosinsueño,1
#primos,1
#muitaluz,1
#émuitotop,1
#PernambucoéAecio,1
#MiUnicaFelicidad,1
#GIGANT3S,1
#AquiéGalo,1
#pensamientodealess,1
#MandaAguaSaoPedro,1
#sensibilidad2014,1
#lpdacanal9,1
#umamerdadefoto,1
#SistemaRumba,1
#AhListoQueVillero,1
#festivaldecores,1
#voltasono,1
#Job,1
#casamentohelayneewesley,1
#TalentoArgentino,1
#Nikit,1
#RedCup,1
#artecore,1
#tavaPrecisando,1
#Chuspa,1
#CandyCam,1
#2A,1
#SosMuyTierno,1
#ucv,1
#PartiuDepressao,1
#rainy,1
#DiezPuntos,1
#forninhonochão,1
#3series,1
#Pizza,1
#enano,1
#PositivesVibration,1
#NO,1
#EscolaHojeNãoDormiPohaNenhuma,1
#VamosComer,1
#Guarujá,1
#NoDoyMas,1
#UniqueSoul,1
#DosCorazones,1
#hiperativo,1
#Skol,1
#GoodDay,1
#mesientoenmicasa,1
#apuntalo,1
#FullWork,1
#querodnv,1
#BELLÍSIMA,1
#Cama,1
#migas,1
#MiCancionPerfecta,1
#mocotó,1
#desenhando,1
#FlexxClub,1
#todosjuntos,1
#csamentoAlêeFlavio,1
#elartista,1
#Jw,1
#MePuedeQue,1
#cenagala,1
#Vairolarprojetaço,1
#RickyEnCocaColaFM,1
#semmetirnunes,1
#mundo,1
#LucksicNosCaga,1
#ViñadelMar,1
#Emocion,1
#niggas,1
#OFFF,1
#aindavirocantora,1
#Lapa,1
#emabiggestfans1d,1
#AmoVcs,1
#CaravanaSanFrancisco2014,1
#literal,1
#Gesell2015,1
#rosenbauer,1
#3anos,1
#piranhastiremozoio,1
#porraampla,1
#yourself,1
#amanhatrabalhopqsouumamerda,1
#AyAmor,1
#Áries,1
#skateboardallday,1
#pants,1
#putabida,1
#BosqueSangriento,1
#FeEmDeusQueEleEjusto,1
#noticias,1
#Autoexamen,1
#NiverDojoao,1
#XXEjcMeninoJesusDePraga,1
#película,1
#taqueopariu,1
#MeuElenco,1
#SosMiLocura,1
#cadavezmaisapaixonada,1
#VamosRojo,1
#brazilianboy,1
#viejita,1
#sieteenpunto,1
#french,1
#EMABiggetsFansJustinBieber,1
#MataAlEmoQueHayEnTi,1
#Pooh,1
#TwOrii,1
#Agus,1
#focototal,1
#Technology,1
#pro,1
#PiadaInterna,1
#TeSigoEsperando,1
#DesdeLaPostura,1
#amizadesnovas,1
#teampeeta,1
#adocao,1
#3L,1
#batman,1
#PlebeRude,1
#felizdía,1
#LucksicRobaLosRecursosNaturales,1
#Remo,1
#LoAmo,1
#dilmadochefe,1
#MatiasTeExtraño,1
#AbrazoDeGOL,1
#MojoPowerInLiveAndDirect,1
#instanight,1
#ShowdoTonyNunes,1
#fritando,1
#Jardel,1
#EuJáSabia,1
#R,1
#SundayNight,1
#SketchUp,1
#100HappyDays,1
#vampirediariesseason6,1
#Revolución,1
#4diasss,1
#díadeplaza,1
#RiscaFaca,1
#BaixoMeier,1
#BsAs,1
#Podeserbom,1
#BigBooty,1
#circodotransformers,1
#Paraná,1
#carente,1
#diasdelfuturopasado,1
#NaoValeNada,1
#LBDC,1
#asobrancelhadaiasminclamaporvc,1
#india,1
#puf,1
#Queroisso,1
#morfeo,1
#parceiros,1
#Iquique,1
#16,1
#Urgente,1
#UnaLeyQueProhiba,1
#octubre,1
#vamos,1
#mrproboz,1
#bigeyes,1
#NarutoShippuden,1
#Instacrazy,1
#OlaveCuloRoto,1
#prontodeduelo,1
#MuitoBom,1
#BarraMusicRJ,1
#seduermemal,1
#goiania,1
#bodypaint,1
#happybirthdayforme,1
#ice,1
#luchi,1
#patins,1
#MeuVotoÊDilma13,1
#Suspenso,1
#good,1
#FUERZAAA,1
#SalaDeEmergencias,1
#pqdomingotbmédia,1
#LoucosNoEstadio,1
#ficoulindo,1
#Aseguradoras,1
#pizzas,1
#Sublime,1
#luadecristal,1
#detonaWilliam,1
#ViejasLocas,1
#FILOSOFEI,1
#carrera,1
#ExquisitaCena,1
#FuckYeah,1
#Tatuajes,1
#clothesonoff,1
#tavacomsaudade,1
#AtROM,1
#Alagoas,1
#CoisaDeDeus,1
#cap,1
#VemProTwitterLucas,1
#Interfacultades2014,1
#Bélier,1
#sepudretodooo,1
#BebelaInRecife,1
#MamaYBocaJuniors,1
#tristeza,1
#TwitteaCati,1
#safadao,1
#GordoHijoDeReMilPuta,1
#tá,1
#chocolate,1
#vaidartdcerto,1
#oficial,1
#Limoneado,1
#DormirTranquila,1
#SinGasolina,1
#GAMBA,1
#AnaLuiza,1
#quéquilomboarmócentral,1
#DiversãoGarantida,1
#FelicesPajasJopo,1
#adorei,1
#17,1
#Policia,1
#Rugby,1
#sofa,1
#Heart,1
#SanJuan,1
#Mambobeach,1
#liked,1
#Passagem,1
#3gigantes,1
#Egypt,1
#Cariocas,1
#RafaAvila,1
#StealMyGirl,1
#Spectrum,1
#UnhasDaSemana,1
#aburrida,1
#ok,1
#CidadeMorena,1
#LeandroRafael,1
#nostalgia,1
#Dilma13DeNovo,1
#ate,1
#arte,1
#tondercats,1
#EstoyFeliz,1
#likeAtourist,1
#palosperros,1
#RevoltsNaMadruga,1
#TheVoiceUSA,1
#Futebol,1
#coffee,1
#hojeodiatameiohashtag,1
#MadrugadaDoSdvComoTioMark,1
#veigaphoto,1
#rtve,1
#Fotoperiodismo,1
#mãe,1
#partiupqtofudidaja,1
#projetopratodavida,1
#iphone,1
#melhorcompanhia,1
#dosmeses,1
#Series,1
#AdoraCeará,1
#SenhorQueCalor,1
#pajamasday,1
#Iaê,1
#avantipalmeiras,1
#crossShot,1
#WalkingDead,1
#vscorussia,1
#noitelouca,1
#inspetorfaustãoeomallandro,1
#Nooois,1
#resumodehoje,1
#UnAñoMasAñejo,1
#509,1
#amarte,1
#LunesCulo,1
#Comida,1
#SOFA2014,1
#épromelhordomundo,1
#cansancio,1
#manutdb,1
#EntreCristianosNosSeguimos,1
#equipe,1
#atelierdrinks,1
#gordão,1
#RosarioEsDeCentral,1
#samsungnightrun,1
#desgruda,1
#NãoSeApegaNão,1
#Elyjuuh,1
#lift,1
#MalaSuerte,1
#Kieza,1
#Paz,1
#Tenia,1
#instaBoy,1
#vidadeej,1
#estoyfeliz,1
#bolado,1
#TwiitterOff,1
#InícioDeFeriado,1
#sampa,1
#graciasporotraalegria,1
#UltrajeARigor,1
#Kultura,1
#noitedogordinho,1
#LastNightsLook,1
#guitar,1
#Urbe,1
#NoTalentinho,1
#PartiuBh,1
#VeranoMadness,1
#BendicionesInfinitas,1
#KSE,1
#Flavinha,1
#recaidas,1
#Amante,1
#5anosdes3,1
#motorsport,1
#Sertanejo,1
#Palavras,1
#jared,1
#Travesuras,1
#rkoi,1
#ElCieloEnTuMirada,1
#TatuajeIntenso,1
#emabiggestfansjustinbieber,1
#Tatto,1
#Mivoto40Dvicio,1
#tvcapricho,1
#amistadinfinita,1
#ChuuvaEmBrasilia,1
#askid,1
#mamaderas,1
#acabesemestre,1
#CoreOff,1
#aquelas,1
#Iberê,1
#FlaSolLoiro,1
#parabénsbebê,1
#Manchester,1
#MasOCalorContinua,1
#VouFazerXixiNasCalças,1
#sejafiel,1
#fotografia,1
#Twoof,1
#DuermoEnElCole,1
#Pato,1
#WEEZY4LIFE,1
#esparrosdamadrugada,1
#insomnia,1
#domigão,1
#LaBasílica,1
#quemnaometetoma,1
#perigo,1
#BSB,1
#vemmonstro,1
#León,1
#sisi,1
#meow,1
#CSG,1
#Tamojunto,1
#segundona,1
#Família,1
#ABUELO,1
#Pasiónzenzual,1
#instamendoza,1
#domingão,1
#AjudaLuciano,1
#reportaje,1
#NDC,1
#bali,1
#violeta,1
#teadoro,1
#edwestwick,1
#MiPersonaFavorita,1
#cirio,1
#ForaFMi,1
#parati,1
#arenamusicbahia,1
#loka,1
#LaMasGalla,1
#Survivor,1
#ID,1
#marialesanllorente,1
#artes,1
#DomingãoDiferente,1
#Lenguaje,1
#FELIPE,1
#FestaFantasia,1
#JaDiziaOSamba,1
#Pause,1
#UribeParamilitarAsesino,1
#laanticipacionpermanentealatecnologia,1
#cpsv,1
#crossfit,1
#SantiagoJacinto,1
#DESTROID,1
#NeymarNãoDesisteDeNosTeAmamos,1
#DindaAma,1
#sonozero,1
#verdades,1
#el22,1
#homemdefamilia,1
#Virada,1
#direitotributario,1
#instacachorro,1
#HumildadeSmp,1
#Jmc,1
#Lucas,1
#QueFastidiomiJefe,1
#Glory,1
#Resurrection,1
#ObrigadoSENHOR,1
#Yeshua,1
#estoesunafiesta,1
#VemComTudoLosAngeles,1
#valparaiso,1
#VamosBien,1
#Pink,1
#tomate,1
#MeAriasUnFavor,1
#guapas,1
#Fernanda,1
#Canam,1
#ficamonstro,1
#buenasnoches,1
#DaniNaRevoltis,1
#Bombachitas,1
#Brasileirão,1
#zarpau,1
#BuenaCompañia,1
#pastillasenestereo,1
#OlhadaNaPorta,1
#yonotomoleche,1
#face,1
#amormeu,1
#vem17,1
#finaldesemanasucesso,1
#Recomendado,1
#AmyWinehouse,1
#ibopeexplica,1
#ClareandoPorAi,1
#giulia,1
#Nathally,1
#burguerfans,1
#TaLoco,1
#staystrongerlaura,1
#chicagopd,1
#QuebrandoTuuudo,1
#Mideseoes,1
#aDistancia,1
#lulu,1
#Samsung,1
#Podesermuitobom,1
#Há,1
#Cjs,1
#livethemusic,1
#FaloMesmo,1
#MoixDimision,1
#Seguime,1
#audiovisual,1
#souDilma13,1
#FelizCumpleYiyo,1
#TEAMOINFINITAMENTE,1
#EchelonVenezuela,1
#hola,1
#45AecioCONFIRMA,1
#T,1
#SevelDelPlumazo,1
#meveoaunmasenana,1
#otra,1
#Ojos,1
#Teamoviejo,1
#contraocancerdemama,1
#vaso,1
#oks,1
#segundadasruivas,1
#Gandhi,1
#Isabella,1
#taquari,1
#silviaPinzon,1
#Independiente,1
#AmarteEsPoco,1
#60,1
#tele,1
#SalganDeLaProvincia,1
#FELIZ,1
#Combarbalá,1
#FuckYouMamee,1
#5days,1
#divina,1
#pescaria,1
#coisaqueobservo,1
#CharlieBrownPorra,1
#Collar,1
#amoviajar,1
#StayWild,1
#sefordosplanosdeDeus,1
#distressink,1
#MueladelJuicioGarca,1
#Firmes,1
#Joy,1
#CinthiaSantos,1
#MssValeTardeQueNunca,1
#lucianoataide,1
#SCODB,1
#Running,1
#beautifulsong,1
#eso,1
#TeamMazzuco,1
#GrandChase,1
#Nox,1
#yogurtboom,1
#dasemana,1
#stady,1
#Tranki,1
#Felizcumple,1
#instapet,1
#estres,1
#EstouComMedo,1
#deusulivre,1
#GaloSempre,1
#ENIGMATICOenBD,1
#BK,1
#La100,1
#irmão,1
#RaulBedo,1
#ssa,1
#tudoporvc,1
#sabrinagostosa,1
#Joãodebarro,1
#SiempreContigo,1
#18,1
#sazon,1
#quesohelado,1
#SeraLocoEse,1
#BonaNit,1
#emtodobrasilaecio45,1
#brazil,1
#Viernes,1
#ZzZzZzZz,1
#NossoLar,1
#JardelEterno,1
#FelizCumpleaños,1
#Wanaticos,1
#soanice,1
#imagine,1
#AhoraEstaEnVos,1
#unt,1
#entrosamento,1
#primeradama,1
#UmAninho,1
#LindaNoche,1
#twitteroff,1
#ELEÉOAMOR,1
#PulentoDamePaciencia,1
#cheguemais,1
#Energy,1
#sóhoje,1
#Transcedence,1
#Color,1
#TwPauseee,1
#PARAÍSODASSOLTEIRAS,1
#Vicente,1
#LPU,1
#HazteFan,1
#partiuLA,1
#beatle,1
#ATENCIÓN,1
#amiguinhodamadrugada,1
#Matame,1
#BuenasVibras,1
#naopara,1
#umbabacalegalecuidadoso,1
#RiverUnicoPuntero,1
#Net,1
#sheerio,1
#ConQueNecesidad,1
#Azul,1
#MisBebas,1
#sou,1
#braziliangay,1
#Dúvidas,1
#PTmente,1
#amormaior,1
#diretamentepraele,1
#losseis,1
#BelievetourinSaopaulo,1
#Manelita,1
#NextToYou,1
#listolodije,1
#xoiinveja,1
#EstamosComAecio,1
#viagem,1
#CariocaTheVodka,1
#POETUIT,1
#chadepanela,1
#NgmMerece,1
#Peyton509,1
#amigoscompropósito,1
#Goku,1
#imagem,1
#whatadream,1
#TrapGod3,1
#Venezolanos,1
#MCRICARDINHO,1
#cancionpara1313,1
#nice,1
#Poetuit,1
#Capricórnio,1
#éisso,1
#TemaPeeta,1
#kk,1
#QuieroVacaciones,1
#NoLlora,1
#bienvenido,1
#Goodnight,1
#fotovelha,1
#Em,1
#InspiraçãoPraCasa,1
#NossaSenhoraAparecida,1
#JATO19,1
#Tere,1
#sexy,1
#45NaCabeça,1
#cariocaanime,1
#FollowMe,1
#fechadocomaecio,1
#10doLeo,1
#AmoEssaPorra,1
#JelenaForever,1
#TodosPutos,1
#TipicoDeMiVieja,1
#priceless,1
#lastsaturdaynight,1
#WeekendSertanejo,1
#TeAmobb,1
#faithful,1
#SociosPorAccidente,1
#LacunaCoil,1
#boate021,1
#GD,1
#FanBoys,1
#GRAVE,1
#Bellis,1
#HablaTuEspejo,1
#PUTO,1
#SanClemente,1
#Mimos,1
#gran,1
#FamiliaMitica,1
#thehungergames,1
#MiedoModeOn,1
#Lucat,1
#melhordetds,1
#AbbiGlines,1
#amargados,1
#euquerodilma13,1
#confusión,1
#chorando,1
#amorsemfim,1
#Blame,1
#netlix,1
#demais,1
#Mestre,1
#ＦＯＬＬＯＷ,1
#lupando,1
#vinilo,1
#Nostalgia,1
#and,1
#LosMasInfluyentes,1
#Brazil,1
#ameaça,1
#diaespectacular,1
#repost,1
#wishhhh,1
#gentenova,1
#segundoturno,1
#LaBandaDelDescajete,1
#descansar,1
#original,1
#FelizCumple,1
#LEBolution,1
#conversa,1
#casamentoAmandaETulio,1
#BIEN,1
#ratabonus,1
#Rhodesia,1
#vouporai,1
#japinha,1
#rafatequileiro,1
#desmotiva,1
#impulsoprasubirodegrau,1
#casamento,1
#BOANOITE,1
#QueDesastre,1
#somoschipamogliperonoasesinos,1
#RiodasOstras,1
#NaoVaiTrDimá,1
#car,1
#santiago,1
#baires,1
#elnoloentendio,1
#GraciasPorIrteFefe,1
#EMABiggesFans1D,1
#eljuegodelterror,1
#Jessica,1
#lauri,1
#bienchevere,1
#SueñosDeLibertad,1
#Uruguay,1
#cptm,1
#namorado,1
#soundcar,1
#DVDFresno15Anos,1
#laurafeelings,1
#WAYNESWORLDF,1
#taldiacomohoy,1
#semfreio,1
#muitodaora,1
#marditapobreza,1
#typic,1
#cold,1
#Eterno,1
#yogapose,1
#Foster,1
#Instafollow,1
#Lokclu,1
#horrifying,1
#MusicaTodaHora,1
#MeuBebê,1
#Morumbi,1
#Fernet,1
#Chocolate,1
#JugateQueLaVidaEsHoy,1
#VV,1
#PanchoRives,1
#ReiDoiPhone,1
#nofilter,1
#NumberOne,1
#LindaTarde,1
#Guitarra,1
#parabéns,1
#GambiarraaFesta,1
#fortaleza,1
#Magnólia,1
#BomRestanteDeNoite,1
#ferrugem,1
#Japiinha,1
#podcast,1
#DiseñoGráfico,1
#vscoedit,1
#dordebarriga,1
#QueGenialLocooo,1
#Nodoymas,1
#TwOoF,1
#1000,1
#tamojunto,1
#aecioneves,1
#0scaralho,1
#FernandoVillegas,1
#Projota,1
#vamovamocentral,1
#DustynTo61K,1
#lunaticaoff,1
#América,1
#euvoucomela,1
#Os,1
#brasileiro,1
#Sirena,1
#chovesempara,1
#deixatiarosaaaaaa,1
#VamosColoColoTodavía,1
#indiaaaa,1
#Teamoyextraño,1
#MinhasLindas,1
#aoarlivre,1
#LugarDeGenteFeliz,1
#Roncando,1
#EMABiggestfansJustinBiber,1
#amordehermanas,1
#VnAmuzik,1
#PCD,1
#UNICA,1
#BesitoDeLasBuenasNoches,1
#bff,1
#mixedmedia,1
#NightOne,1
#limited,1
#strangesleepinghabits,1
#Stadium,1
#SIAD2014,1
#IvanEnFinlandia,1
#nicagando,1
#Fog,1
#truelove,1
#Irmãs,1
#Radio2Rosario,1
#starbuckscuracao,1
#ChuvaSuaLinda,1
#Rj,1
#Conexión,1
#20,1
#cacau,1
#avioesdoforronomultishow,1
#entãoeuteolhavapraversevcdormiabem,1
#8tracks,1
#drink,1
#ElAlfonsoFullelDomingo,1
#Happiness,1
#Karamelli,1
#boychato,1
#Stgo,1
#qbeijoesse,1
#Trapo,1
#GoodNigth,1
#reflexion,1
#ElMesRosa,1
#FinalAGA,1
#mom,1
#macusp,1
#MaybeSomeday,1
#listen,1
#Fuerzas,1
#Lucy,1
#amantes,1
#olé,1
#Vicio,1
#PobreMundo,1
#tolerancia,1
#BeliebersBestFandom,1
#InstaMoment,1
#joaodebarro,1
#temaso,1
#VW,1
#PalcoMaisCarioca,1
#SaltaLaBanca,1
#Zouk,1
#RealMadrid,1
#eufui,1
#mendigata,1
#Ansias,1
#NuncaPasa,1
#domingovolteduascasas,1
#mockingjay,1
#PuedeSer,1
#Safira,1
#VamoslosPibes,1
#Chico70,1
#SinLuz,1
#tozen,1
#ChiperosDeMarte,1
#justinfazfollowspree,1
#Geography,1
#bye,1
#georgiana,1
#casamentoAlêeFlavio,1
#feve,1
#vscocamgram,1
#NaoVivoSemVoces,1
#lionam,1
#Josh,1
#Houston,1
#MissU,1
#matheuszinho,1
#IUT,1
#RallyCrossCountry,1
#Pelotudo,1
#OriOf,1
#QueSalgaTodoBien,1
#AleSergi,1
#Má32min,1
#dinda,1
#slipknot,1
#Cagué,1
#vscofriends,1
#AmorDemais,1
#SuckThat,1
#AguiaDeOuro,1
#autógrafos,1
#14meses,1
#HP,1
#instalikes,1
#Free,1
#adelaide,1
#happybirthday,1
#MADONNA,1
#SaltaLaBionica,1
#siguemeytesigoensegundos,1
#sabonete,1
#CrazyFamily,1
#NewellsOldBoys,1
#jeredmebeija,1
#volkswagen,1
#EMABiggestfansJustinBieber,1
#ciumes,1
#YoGileando,1
#tudopossonaquelequemefortalece,1
#vscosp,1
#Serra,1
#reidopicole,1
#primo,1
#patinsstreet,1
#asco,1
#MINHAS,1
#onfire,1
#Jesuséasolução,1
#cosasqenoyqesialavez,1
#irmao,1
#amazon,1
#DaleNoTePare,1
#alone,1
#MiPequeñoAmor,1
#Chango,1
#GudNaigt,1
#principeencantado,1
#contenta,1
#togripadaenmorta,1
#adventure,1
#BoludaSiempre,1
#SLEEP,1
#tafacinha,1
#chebere,1
#EmtodoBrasilAecio45,1
#Entrada,1
#Piscina,1
#Bukka,1
#telhadodevidro,1
#domingao,1
#vivalavidaaaa,1
#Mexico,1
#Linkin,1
#Altostiros,1
#bêbadas,1
#TwOfffffffffffffffffffffff,1
#DEUS,1
#6Feira,1
#180nacontramao,1
#AmigoÉMãe,1
#instapics,1
#disneyxd,1
#ElBicampeonSeraRiver,1
#MuyConfundida,1
#Hiking,1
#Horóscopo,1
#beagle,1
#G1,1
#FilmeTerror,1
#sbspopasia,1
#nãocontonada,1
#grosa,1
#tecnicainfaliveldeselfie,1
#soufã,1
#tunejustmaddddd,1
#QuemMeViuMentiu,1
#Ayotzinapa,1
#motor,1
#agorajápossodormir,1
#melhormusica,1
#mylifeinapicture,1
#Diferente,1
#para,1
#Verdade,1
#color,1
#piraifest,1
#Depresión,1
#boring,1
#assaltaageladeira,1
#galaticos,1
#Cochabamba,1
#RAFAMODINHAAA,1
#BomDeMais,1
#amomaisquecachaça,1
#Lhasa,1
#saturday,1
#ESTUDAR,1
#arquilindas,1
#AécioDireoAoPonto,1
#TeAmoRosarioCentral,1
#ThanksGod,1
#mars,1
#GuarujaBeach,1
#cidadebaixa,1
#LiPix,1
#SMOUT,1
#OsAndrades,1
#DisneyChannel,1
#LPDAMiFilosofiaDeVida,1
#Pastillero,1
#luizgonzaga,1
#ACorazonAbierto,1
#rolou,1
#Seguidores,1
#Arrastão,1
#yogaeverywhere,1
#EuNervoso,1
#Tiramisuu,1
#gnight,1
#VentoBugouMinhaFoto,1
#TSL,1
#Good,1
#crente,1
#Refleccion,1
#NFLBrasil,1
#FechaderrimaComAécio,1
#SLBenElLuna,1
#EsperandoLaCarroza,1
#PeJaime,1
#ripped,1
#forfun,1
#CLARO,1
#AnaKarenina,1
#vemjaneiro2015,1
#Douglas,1
#KulturaALaFuerza,1
#muitosucesso,1
#Acaraú,1
#LasCristofalitas,1
#EmNomedoMal,1
#cantamMuito,1
#NoEstoyBien,1
#PARTIUASSALTO,1
#kalima,1
#Askmahomie,1
#hotaria,1
#hnitodelalma,1
#HairBlowing,1
#Radio,1
#PuebloAzul,1
#voando,1
#vivencia,1
#sefiel,1
#octubreDeTerror,1
#ConchaBienDeTu,1
#VemProTwitterCabaçinho,1
#Embole,1
#HP17bii,1
#China,1
#niverdaIsa,1
#Fortaleza,1
#bangu,1
#alegria,1
#lalocadeltutu,1
#SELFIE,1
#AmoEstaVida,1
#VendelaForUgirlSweden,1
#FOLIÃO,1
#Crazyhair,1
#Descansar,1
#FicaDoTamanhoDaAleNPode,1
#comoanilloaldedo,1
#DiaDeLaMadre,1
#TantasEscaleras,1
#PastillasEnEstero,1
#Salve,1
#Onde,1
#seguuura,1
#paratirj,1
#Transformers2,1
#BESTRAPPERALIVEF,1
#pabre,1
#NightOut,1
#GoBuffaloGo,1
#teamão,1
#Partidazo,1
#ForçaCaio,1
#Toons,1
#compracuecapraessemuleke,1
#BritanGotTalent,1
#almoçoDaRainha,1
#Sagitário,1
#Show,1
#roneylima,1
#LaAmoo,1
#Istambul,1
#MásDeLoMismo,1
#NipSlip,1
#trabalho,1
#MelhorcomDilma13,1
#Fe,1
#SJHV,1
#TioClemente,1
#belas,1
#Estudar,1
#30deoctubre,1
#Brinks,1
#pintamosoap,1
#balance,1
#CBJréFoda,1
#YOOD,1
#Orbitando,1
#FooFightersNoBrasil,1
#fedida,1
#traveler,1
#primogato,1
#BigChop,1
#CasamientoDelPrimo,1
#MenosÓdioMaisDILMA,1
#TIMBETA,1
#LuisHuz,1
#EMABiggestFansJustinBieberc,1
#FRINGE,1
#B,1
#MUNDOMEDINA,1
#Damon,1
#Adrii,1
#Mariana,1
#Ever,1
#THACARTERVIN8DAYSOMG,1
#Con,1
#Tomorrow,1
#macamba,1
#QueAsco,1
#Tw9000,1
#day,1
#FORUS,1
#rio,1
#touchdown,1
#futebol,1
#FoiBomDemais,1
#AlAire,1
#heroin,1
#JorgeBlanco,1
#NaoTemosUmJogo,1
#FalsidadeReinaForte,1
#twoffffff,1
#masmasmas,1
#HumbertoGessinger,1
#difrutando,1
#Arthur,1
#Cirito,1
#OpenPitMininig,1
#postandodenovo,1
#LaChampeonLiga,1
#instacat,1
#também,1
#ChicagoFire,1
#CherJohn,1
#ATravesDe,1
#SistersBreakfas,1
#ResenhadaLeane,1
#fuçada,1
#askID,1
#crazy,1
#therewillneverbeanotheronedirection,1
#OktoberUai,1
#Hinchada,1
#samsungnight5k,1
#ComoTodoSeVa,1
#AmadoaDeMiSer,1
#maisde10anos,1
#bombrilnaoabre,1
#wattpad,1
#EnEstéreo,1
#manchaverde,1
#Nordeste,1
#compañeros,1
#Sunset,1
#BuyNobodyOnItunes,1
#NaoDeixaAAmizadeMorrer,1
#Dilmentira,1
#NocheLeDoyA,1
#PROYECTO,1
#FlaBonsVentos,1
#wizkhalifa,1
#ViernesLlegaRapido,1
#simulacro,1
#SomosTodosTatuCascalho,1
#MIKITA,1
#BETIANA,1
#lebanese,1
#bjj,1
#movie,1
#TMJ,1
#AmarlosEsPoco,1
#Luna,1
#REALIDADPURA,1
#PeytonRecordBreaker,1
#DemandoTuRenunciaEPN,1
#muro,1
#DoreFest,1
#LOLAMECOME,1
#Morocha,1
#LoAdmito,1
#vemnenem,1
#golden,1
#trioparadaduraxerem,1
#segundafeira,1
#Top,1
#DaoipraelaNeymar,1
#MyPVoice,1
#valiólapena,1
#TalCual,1
#twof,1
#naoseapeguenao,1
#CurtindoComAsAmigas,1
#YEsoAQuienChuchaLeImporta,1
#taparei,1
#Pastor,1
#sabrosura,1
#PrimerasPalabras,1
#artecontemporanea,1
#eorestoeunaoseiquemé,1
#textura,1
#AGROECOLOGICA,1
#ImagineMagcult,1
#geologoperdido,1
#NocheCalleja,1
#EuApoio,1
#duplapitadadehumor,1
#puggles,1
#puppies,1
#BesameAsi,1
#mentira,1
#BetinhoNadal,1
#MicaFest,1
#not,1
#modeon,1
#lpu,1
#SweetDreams,1
#star,1
#Lindas,1
#fail,1
#WStandar,1
#TeAmoDiame,1
#KEYWEST,1
#momentomeu,1
#gts,1
#chuva,1
#qcalor,1
#DeuseMaravilhoso,1
#ImagineDragons,1
#Amigas,1
#BuenoAsi,1
#Davi,1
#RobertaCantaRoberto,1
#politic,1
#room,1
#templo,1
#New,1
#KeEsEso,1
#meuamor,1
#Castigandonos,1
#PictureThis,1
#TrampoMaisTarde,1
#Síalpaleolítico,1
#2011,1
#Parceria,1
#adopta,1
#paradagay,1
#não,1
#DíaFeliz,1
#Hinduclub,1
#PrefieroTenerÉbolaA,1
#ksal,1
#Perfeccion,1
#primavera,1
#GabrielSotero,1
#Alsada,1
#DilmaNoCoração,1
#dachshund,1
#Viki,1
#jaquerodenovo,1
#qeriaumpagodinhoderoda,1
#tevoyaextrañarhorrores,1
#começou,1
#Positividade,1
#Brasília,1
#EeuVotoAécio45,1
#violenta,1
#FABULOSA,1
#happyday,1
#PanicoNaBand,1
#congela,1
#eslamejor,1
#waves,1
#C,1
#realismo,1
#fatmagül,1
#morreuaqui,1
#VamosOrar,1
#carc,1
#palmeiras,1
#SanExpedito,1
#LAF,1
#m,1
#ViernesDeLocos,1
#Ocktoberdasbier,1
#Guys,1
#MercedesLambre,1
#book,1
#soumala,1
#Pirata,1
#JesusCulture,1
#verdad,1
#jannamortais,1
#25Oct,1
#MeCaeMal,1
#polêmica,1
#biceps,1
#Trote,1
#aniversario,1
#SamsungNightRun5k,1
#filmes,1
#HelldeJaneiro,1
#NocheDeConfeciones,1
#Felicidade,1
#ParriuAssalto,1
#Headphone,1
#amém,1
#ndmal,1
#RubenFest5,1
#lentesemfoco,1
#aeciomente,1
#refri,1
#tags,1
#Raridade,1
#HappyMomsDay,1
#Quebraw,1
#BOLUFRASE,1
#LosMásInfluyentes,1
#radio,1
#LoveU,1
#Blessed,1
#Por,1
#flex,1
#EMABiggertsFansJustinbieber,1
#sobredosisdetv,1
#Hardflip,1
#house,1
#democracy,1
#Enamorada,1
#ss,1
#GritouMesmo,1
#Encontros,1
#HUMILDADEEEEEE,1
#vip,1
#Como,1
#omfg,1
#LaAmo,1
#Atrosh,1
#FuiDeCama,1
#farra,1
#RePailasParce,1
#Happynes,1
#NoAguantoMas,1
#2012,1
#nose,1
#aindasobresábado,1
#Montaña,1
#SintoSaudadeDe,1
#desapegaquerida,1
#TEAMTUNECHIF,1
#TQM,1
#DuermoConRecitalEnMiOreja,1
#ZG,1
#properpork,1
#descevodka,1
#Kik,1
#Valiolapena,1
#LiberdadePraMarcella,1
#SAMSUNGNIGHTRUN5K,1
#TweetMyJobs,1
#CordobaMotos,1
#Que,1
#piercing,1
#haule,1
#nepotismocruzado,1
#special,1
#felizpracaralho,1
#tribaltech2014,1
#QEmoção,1
#ripranaochorar,1
#Ídolo,1
#ráieie,1
#NãoEraEu,1
#Mcr,1
#Ester,1
#BirthdayGirl,1
#SempreSereiFã,1
#LetrasDeLaMona,1
#Kobane,1
#rumoaos100k,1
#açai,1
#elmejordomingo,1
#ccb,1
#Mueran,1
#Yaya,1
#BuenDia,1
#Andrade,1
#PersonalFestquiero,1
#NutellaPaixãao,1
#pentadiamantemaanaim,1
#MañanaTempranoArriba,1
#Gordices,1
#sembuzina,1
#Cruéis,1
#México,1
#AmizadeFazAfesta,1
#durmi,1
#prom,1
#bmw,1
#TokioHotelEnArgentina,1
#Delicious,1
#instaphoto,1
#Hh,1
#amigasdebento,1
#GetCherriedAway,1
#KollectiksoutenonsLL,1
#Sueño,1
#CMJ,1
#JustoAhora,1
#karenapaixonada,1
#Botafogo,1
#reading,1
#sobreontem,1
#paratafeio,1
#FestaNoCéu,1
#tattoo,1
#FOLLOWMECONCEPT,1
#ComAsGatas,1
#BestFanBaseBeliebers,1
#workout,1
#julieta,1
#voltapegiu,1
#ascarinhasdasnoitadas,1
#CidadeAlerta,1
#madrugadadosdvcomtiumarkito,1
#CasamentoNayERodrigo,1
#toucomdilma,1
#callofduty,1
#educacional,1
#BetterThanRio,1
#FernandoeSorocaba,1
#MiCorazonEsTuyo,1
#jardineria,1
#ODIO,1
#maislindoquetudo,1
#pedaltrain,1
#comediasromanticas,1
#likeforlike,1
#Paciencia,1
#doisrios,1
#LandSettlementAgency,1
#PorMiFamilia,1
#TeamAmanda,1
#Paixao,1
#gallina,1
#ProgetoGostosa,1
#fiplab,1
#theweek,1
#cena,1
#TheVampireDiaries,1
#NaoSeApegaNao,1
#iptFC,1
#Cusco,1
#nada,1
#FelizVida,1
#GoToSleep,1
#19O,1
#RC,1
#UnderTheDome2,1
#LoEntendimosTodoMal,1
#caprese,1
#SoPode,1
#23,1
#VirgenDeLaChiquinquira,1
#César,1
#tatipobiscoito,1
#apoiado,1
#AmorAmor,1
#viagens,1
#FORAPT,1
#Hamilton,1
#StayStrongBatery,1
#BlaccHollywood,1
#Insano,1
#tivequepostar,1
#Ruberthparty,1
#SomosChipamogliPeroNoAsesinos,1
#ADNV,1
#LaConchaDeTuMadreAllBoys,1
#almoco,1
#paint,1
#PATD,1
#redwhiteblue,1
#moda,1
#ThePurgeAnarchy,1
#nadanossegura,1
#40MillOniTunes,1
#NocheQueLeDoyA,1
#PutaVida,1
#sobrinho,1
#AmigasAtleticanas,1
#redbullCL,1
#Valparaiso,1
#BeautifulAndPerfect,1
#CasamentoAleFlavio,1
#PorEnquanto,1
#fácil,1
#NecesitoHumor,1
#Expliquenme,1
#maccosmetics,1
#corta,1
#lama,1
#JochuOff,1
#edição,1
#Vivencia2014,1
#octubredeterror,1
#Catedral,1
#tevemuitojoia,1
#lovelustfaithdreamstour,1
#SuperClasico,1
#PUTAQUEOPARIU,1
#FoiBom,1
#ElPrecioDeLaHistoria,1
#HeDicho,1
#presente,1
#bjoBrasil,1
#amigo,1
#Slepp,1
#padrecicero,1
#instavsco,1
#afortunada,1
#Leonilson,1
#FleshlightGirl,1
#diskdoctor,1
#GemeAretuza,1
#ranchourbano,1
#casamentoclaudioecris,1
#entrene,1
#promoción,1
#ÉVip,1
#nutrition,1
#piscina,1
#Gruponossosentimento,1
#SteveAoki,1
#Compañeros,1
#tocompensamentodebebado,1
#Bian,1
#hbo2,1
#DeusNaFrente,1
#Kataryne,1
#chupavoces,1
#TheKnick,1
#WINTV,1
#fuii,1
#CurlyRave,1
#EuConfessoQue,1
#105AñosSmTucuman,1
#dominoes,1
#corrientesporá,1
#ambiante,1
#VzlaONUVictoriaBolivariana,1
#EMABiggestFansNickiMinaj,1
#bug,1
#Loucamente,1
#racionais,1
#praiadabarra,1
#antaresdelaluz,1
#AmorPorLosAnimales,1
#EncuentroJuvenil,1
#Sartori15,1
#manifiesto,1
#PanicAtTheDisco,1
#CortesInterminables,1
#NOMORE,1
#TamuJunto,1
#BlancoyNegro,1
#Actitud,1
#TeatroRiachuelo,1
#doisgordos,1
#Cagaso,1
#job,1
#escuela,1
#GETITRIGHT,1
#Listeningtomusic,1
#faltaderola,1
#Hijoeterno,1
#charlieylafabricadechocolate,1
#oktoberfest,1
#paraunpooco,1
#YoVotoSUN,1
#Temblor,1
#Again,1
#SmackDown,1
#TuitDelFuturo,1
#Manning509noEI,1
#MTVhomecomibng,1
#AgoraSãoDezessete,1
#amoenfermagem,1
#Tw6000,1
#vscobrasil,1
#Uma,1
#jápensei,1
#EuAmoOMeninoDoRJMGDoBrasilVedeAmarelo,1
#QueFraseMasHermosa,1
#MUERTO,1
#nadaprafazer,1
#Nojento,1
#Loveee,1
#bromas,1
#PrevisaoDeChuva,1
#asdeporteve,1
#edfísicatambem,1
#ColoColoEsChile,1
#marcelllinho,1
#CaraDesono,1
#ladyinred,1
#ShaniaTwain,1
#Analasanta,1
#praiacompiscina,1
#querodilma13,1
#axéNkenda,1
#VQC,1
#valdivia,1
#fervo,1
#brunoemarronedegraca,1
#iTunes,1
#circuitoBancodoBrasil,1
#Lunes,1
#Church,1
#DiaLindo,1
#NoNo,1
#SonoExalando,1
#disponivel,1
#jjksfds,1
#marketing,1
#Runaway,1
#MiCancionFavorita,1
#e46,1
#Chocadaney,1
#Help,1
#lindo,1
#diecuts,1
#poolside,1
#Fun,1
#dandoumabanda,1
#Pavoroso,1
#sweettalker,1
#GiganteDeArroyito,1
#PorRenovacionCristiana,1
#noleganásnunca,1
#344añosDeCarvajal,1
#wikilicias,1
#deep,1
#ForaSugadoresPTalhas,1
#je,1
#teletón2014,1
#MarsInBrazil,1
#SlutFromThe90s,1
#CaraRotaaaaaaa,1
#LaUnicaRealidadEs,1
#FelizDiaDeLaMadre,1
#Palmeiras,1
#bolada,1
#Porfavor,1
#IvanMirandoLaPeli,1
#VaiMedina,1
#nao,1
#okchao,1
#VoltaHoráriodeßrasilia,1
